Id,ORGANIZATION,NAME,GENDER,SPECIALITY,ADDRESS,CITY,STATE,ZIP,LAT,LON,ENCOUNTERS,PROCEDURES
b748fb80-06ac-32f8-a3d9-5b95c71af1e0,74ab949d-17ac-3309-83a0-13b4405c66aa,Ted955 Reilly981,M,GENERAL PRACTICE,881 Main Street,Fitchburg,MA,01420,42.586487,-71.80521,5326,0
645f76d8-912b-3c04-ad53-cfe3ad63c91f,588f6ce6-b8db-3588-8189-29db2680a313,Tiffaney302 Brakus656,F,GENERAL PRACTICE,461 WALNUT AVE,JAMAICA PLAIN,MA,021302331,42.311587599999996,-71.09800136347226,47,0
33dfa243-cc01-3f0d-8b25-b6f97bdddadd,324b4137-57a0-3ae0-89db-1c33f57ae0c1,Marquis364 Satterfield305,M,GENERAL PRACTICE,134 NORTH ST,NORTH READING,MA,018641315,42.5892341,-71.10546522083789,1,0
96815521-7e98-3372-8e30-4a688a60e3f3,b6398e07-4967-31a5-807f-380039a1f303,Aleen595 Lueilwitz711,F,GENERAL PRACTICE,19 TACOMA ST,WORCESTER,MA,016053516,42.30230485,-71.76614692511056,31,0
f387a9e3-4225-37ea-b41c-08a825d5632c,faffaf6a-ee1a-3673-b0b0-421a9c249244,Gustavo235 Armstrong51,M,GENERAL PRACTICE,66 WASHINGTON ST,STOUGHTON,MA,020722571,42.14415820061801,-71.10378319512402,872,0
097c6ef2-66dc-37e4-9c2d-5c63c7b1634d,17a4bae5-8b64-34d7-8144-b428be027bd0,Olympia319 Ward668,F,GENERAL PRACTICE,512 MAIN STREET  SUITE 211,SHREWSBURY,MA,015456406,42.295109499999995,-71.71808471110307,135,0
5ef93cfd-ed8e-3cb6-8763-99caf4402ed6,4112b8b1-59df-3255-a7ca-f42ee0a4cb2e,Nereida276 Feeney44,F,GENERAL PRACTICE,37 ROUTE 6A,SANDWICH,MA,025631801,41.766329400000004,-70.5147600346998,36,0
796fef8e-02e4-3fce-9582-d999c25844d0,e09d4c49-c2ef-3b0f-9a46-3719d9219306,Jules135 Emard19,M,GENERAL PRACTICE,60 HOSPITAL RD,LEOMINSTER,MA,014533290,42.54031915,-71.76312990486304,1523,0
733f91f3-1f2e-3573-abc6-11b3865933ce,e76b5eb0-0c9d-3593-b5da-3c0e9a97bb96,Gisele901 Lehner980,F,GENERAL PRACTICE,1400 VFW Parkway,West Roxbury,MA,02132,42.2793,-71.1657,129,0
53750d48-d2c4-3314-a6a1-ebb56f2c3cfb,c241b977-4131-32e4-9957-e0a00b2a1e5f,Kip442 Krajcik437,M,GENERAL PRACTICE,94 MAIN STREET,HYANNIS,MA,026013146,41.6562802,-70.27448000204822,89,0
6fd446c2-876a-3782-a004-30b4d5a52104,e33fbb39-3d48-356e-b719-6942a94c09d9,Ronni748 Harris789,F,GENERAL PRACTICE,512 MAIN ST,HOLDEN,MA,015202039,42.33457565,-71.83651795564862,15,0
e9c0c2e2-6841-3553-96c6-4c6f463cf5d1,ef5390b4-cba5-3d83-96db-af783a7adb43,Evan94 Anderson154,F,GENERAL PRACTICE,360 MERRIMACK ST,MALDEN,MA,021482329,42.4250964,-71.066163,13,0
c2257291-3461-3a07-a69d-5dca84910dc7,77645e49-3f69-3d1d-bb93-dc65210e2fac,Bernardo699 Armijo730,M,GENERAL PRACTICE,363 HIGHLAND AVE,FALL RIVER,MA,027205246,41.7093779,-71.1460783680883,323,0
af972eb6-4e30-3b90-9df4-60a94ab099f8,6fafb5d4-ecca-37ab-8d24-53036a8cbf1e,Estela596 Benítez559,F,GENERAL PRACTICE,320 WEST CENTER STREET  2ND FLOOR,WEST BRIDGEWATER,MA,02379,42.016080599999995,-71.02601589317304,73,0
ad8569c0-350e-3ec3-9cfd-39e45960b85e,aa682136-a4df-3942-9f50-e6fcee6c0b73,Precious140 Runolfsson901,F,GENERAL PRACTICE,501 CORDWAINER DRIVE,NORWELL,MA,020611630,42.1647071,-70.88149077838713,88,0
e0df81fd-f2eb-3e80-b902-a8c99b8ff22a,d2284f74-b6da-3a15-9791-84cdf2db18fb,Donnell534 Mosciski958,M,GENERAL PRACTICE,331 E FALMOUTH HWY,E FALMOUTH,MA,025366039,41.57853245,-70.5617374807812,155,0
ebe88ae0-d964-3f3c-9852-e1f363cadd44,5becf220-2978-3f33-bd38-9326947f85de,Tijuana228 Leannon79,F,GENERAL PRACTICE,240 LYNNFIELD STREET,PEABODY,MA,019605055,42.5141736,-70.97106354209534,95,0
317ba96a-4d1d-3bf7-9d39-4d73b56b5ea1,ae88fd02-4911-3625-9e97-85b626ed3b0b,Cherrie404 Farrell962,F,GENERAL PRACTICE,476 VARNUM AVE,LOWELL,MA,018542122,42.6443795,-71.34721987550876,1,0
46b997b6-50a9-3c9d-8a5c-fc56551f6fe3,a58ec72a-cf43-3de5-88c1-de2fbec976a5,Blossom971 Bartoletti50,F,GENERAL PRACTICE,255 CENTRAL AVE,CHELSEA,MA,021503508,42.38804035,-71.02650270378646,2,0
a53664fa-d6a6-3794-bec1-315319ca5bb1,03d0392a-7361-32b3-81c9-8c8ac985be00,Sid118 Daniel959,M,GENERAL PRACTICE,280 WASHINGTON ST STE 204,BROOKLINE,MA,024451922,42.33302785,-71.1193506756953,181,0
a7158e7e-a8a4-3de3-a3d7-3b353d203757,a8c95c30-d410-3b6c-b5c8-ceafabf5665b,María Teresa440 Mascareñas995,F,GENERAL PRACTICE,320 WASHINGTON ST FL 3,ALLSTON,MA,021341711,42.3555375,-71.1327494,4,0
0b603ab0-524f-331b-aca4-0bc5359965be,a418cf76-2ee3-3736-a752-29ee33e86015,Nicolas769 Kuhlman484,M,GENERAL PRACTICE,62 CENTER STREET,FAIRHAVEN,MA,027193823,41.63663425,-70.90101829397507,18,0
56a7999c-4ac8-31ba-a3a0-3b1d97c7b556,2936ca90-6594-357d-be14-53fe0ab84dd1,Daniel959 Ankunding277,M,GENERAL PRACTICE,11 TREMONT ST,KINGSTON,MA,023641231,42.00823215,-70.72984043580247,490,0
bb0da12e-fcaf-316b-8b61-fc06ebc8a2c2,77d67d58-b097-3309-a94c-abd49c432528,Demetrius568 Moore224,M,GENERAL PRACTICE,383 MILL ST,WORCESTER,MA,016022414,42.2618147,-71.85253220643622,1,0
cf8fdf84-2e9a-3223-895b-3e96be78b1a7,42d4b607-f14d-370a-818e-40965685776c,Arlen68 Hettinger594,M,GENERAL PRACTICE,3 WASHINGTON ST STE 220,NORTH EASTON,MA,023561034,42.0667665,-71.1036592,979,0
fdf3f972-9e79-36eb-b202-23332065a1fc,ab701a70-a658-340e-8f69-ee196a7d40c6,Bud153 Parisian75,M,GENERAL PRACTICE,484 RTE 134,WORCESTER,MA,016071728,42.2625621,-71.8018877,501,0
fb162f49-5cd5-3c4d-a9a5-f970481a1fad,41e77ca4-b0d7-3c1d-ac88-4ae5a705913d,Johnson679 Pfeffer420,M,GENERAL PRACTICE,20 CLAFLIN STREET,MILFORD,MA,017573356,42.137601149999995,-71.51680334935877,1,0
46c1a2e9-31f6-3f60-aa3c-916707faece9,11ba6a26-59b4-3728-a268-6dc9929962b4,Archie818 McCullough561,M,GENERAL PRACTICE,200 GOVERNORS AVENUE,MEDFORD,MA,021551644,42.42711615,-71.1121606632448,127,0
311b25d2-9021-382a-9749-39b3d8d01927,f736c0f5-6d39-3e26-8ac1-39e1fc60dfbe,Joe656 Jakubowski832,M,GENERAL PRACTICE,11 QUARRY HILL ROAD,LEE,MA,012389645,42.2816564,-73.25307843923315,249,0
2957e19e-f394-30a9-970c-ee3fe08a6234,af2d050e-91a7-3acb-8b27-0bf6a259645e,Ronny764 Bernhard322,M,GENERAL PRACTICE,57 CITY HALL AVE,GARDNER,MA,014402614,42.5760669,-71.9934081,58,0
3f5eb268-a34a-3891-9b2f-3b901480fd51,71472d9b-aa5c-3b49-a5c3-d0eee8859015,Tyree261 Kutch271,M,GENERAL PRACTICE,118 WATERHOUSE RD STE C,BOURNE,MA,025328305,41.7281115,-70.5861571324252,157,0
9d7dfaf1-1185-36cd-8ed4-10d5cf8c9484,8a2e2731-3240-39d1-b4f0-cad14200937d,Randa356 Ritchie586,F,GENERAL PRACTICE,88 WASHINGTON ST,TAUNTON,MA,027802465,41.9062805,-71.09518121351795,332,0
deb537bc-34c1-3f47-965f-a9a2972366b6,bee866be-d41f-3259-97b2-0e10331c6c16,Rosy219 Sawayn19,F,GENERAL PRACTICE,589 HIGHLAND AVE,NEEDHAM,MA,024942205,42.300873100000004,-71.22988027903574,1,0
9c2c638c-38b3-3e8a-9256-fa5d878dda3c,dcbd0460-9bcf-3e7d-a923-1d22bcc5a9bd,Salvador46 Dooley940,M,GENERAL PRACTICE,279 DALTON AVENUE  SUITE B,PITTSFIELD,MA,012013500,42.4606344,-73.22185917597403,17,0
862e4868-3884-3a66-8a91-6eea40a6df92,cace8de6-490b-3a37-a1c0-971e147c8c41,Marlena558 Corwin846,F,GENERAL PRACTICE,1275 ELM ST STE D,WEST SPRINGFIELD,MA,010891818,42.120997200000005,-72.62797591511128,10,0
f4285cc6-92fb-3ee0-8bb4-880d91d2cebf,88e28a1c-aad9-36d0-832b-b579ecb95c3d,Anthony633 Toy286,M,GENERAL PRACTICE,14 MANNING AVENUE,LEOMINSTER,MA,014535768,42.5253035,-71.7584413,206,0
ca54ab8b-0618-3d99-9040-e8083d4380d6,bd6cec50-10de-3696-940b-4022618764ab,Lynn917 Graham902,F,GENERAL PRACTICE,40 MARTIN ST,MELROSE,MA,021763607,42.457050550000005,-71.07494593157304,4,0
ed8134ce-1fb4-3e4a-a3b7-4a97bf136677,4cf79e95-2815-3a4c-a3b8-951fe548dd27,Jasper743 Champlin946,M,GENERAL PRACTICE,20 ELM ST,PITTSFIELD,MA,012016502,42.4458896,-73.2448206979669,171,0
5df74590-ae5a-3ac3-a2af-21a4742d234d,52ecddd8-42f6-35cc-88a5-cf474c02fb49,Cecil300 Fahey393,M,GENERAL PRACTICE,94 OBERY STREET,PLYMOUTH,MA,023602130,41.93725,-70.65503160208334,81,0
b57b9c42-7158-3396-94ee-f311e6572f91,65450d34-6d61-3601-b325-9d471587b016,Rachael540 Moore224,F,GENERAL PRACTICE,4 COURTHOUSE LN,CHELMSFORD,MA,018241731,42.62439345,-71.35881000636567,132,0
f1207269-bfb3-3c13-9eff-390621f864a0,2b376b69-72ac-3d68-aceb-018e82b8fc8f,Shaquita282 Klocko335,F,GENERAL PRACTICE,113 CENTRAL AVE,HYDE PARK,MA,021363021,42.26077065,-71.1187885119897,3,0
96a41934-b8d0-3326-985e-69aefb759c5a,59d1f454-5701-3f71-8fe7-94f785e15062,Lourdes258 Lesch175,F,GENERAL PRACTICE,57 OLD ROAD TO 9 ACRE CORNER,WEST CONCORD,MA,017423317,42.4566859,-71.3942316,2,0
7514bb39-f14b-34c5-9388-69d453a0deb9,3f4167a5-1477-35da-a456-fc05c8858aa7,Ouida808 Bednar518,F,GENERAL PRACTICE,244 MAIN STREET ANNEX,WORCESTER,MA,016023339,42.2625621,-71.8018877,112,0
6626c682-3a6c-3950-886e-bad8a090715c,75f0d4cd-dbbb-3037-b6ad-2e99665728c7,María Soledad68 Arce139,F,GENERAL PRACTICE,70 FULTON ST,BOSTON,MA,021091402,42.362439499999994,-71.05377386223965,94,0
9d8a0022-0d65-37b4-a07f-4daa610c63a1,fa564970-fde4-332c-91d9-c0747b032d3e,Jeremy766 Hudson301,M,GENERAL PRACTICE,34 SOUTH LINCOLN STREET,NATICK,MA,017606049,42.2731232,-71.3105334275248,71,0
b94721e3-efd2-3b63-b561-63da7960d133,0db4961d-6289-39d4-ab29-c789ee4c581f,Ronny764 Little434,M,GENERAL PRACTICE,905 TURNPIKE ST STE A,CANTON,MA,020212833,42.15518635,-71.1075014,20,0
284023db-8141-3a83-bdb2-5c78f142a3be,39104cad-5228-3e07-9b3e-3ad736b33d5d,Hilda552 Muller251,F,GENERAL PRACTICE,200 PROVIDENCE HWY,DEDHAM,MA,020261881,42.22214545274341,-71.18159060546684,188,0
281015cc-e366-3b39-ba4a-fe097fd39d0e,a3a72023-3f37-3d77-be82-62085a912993,Natisha940 Bradtke547,F,GENERAL PRACTICE,311 STATE STREET,SPRINGFIELD,MA,011051140,42.10500795,-72.58124154847081,41,0
612e1b5e-59ed-31aa-8bc3-71bbfa81baff,1311c44a-85cb-3aea-a143-e5d7892ced8b,Kathrine376 Reinger292,F,GENERAL PRACTICE,300 KENSINGTON AVE,SPRINGFIELD,MA,011071139,42.091896,-72.559437,285,0
767ae984-2453-38bc-863d-8c72249a9900,5fab4eec-522e-334a-a3e0-41605e009495,Lyla842 Fadel536,F,GENERAL PRACTICE,485 FRANKLIN ST,FRAMINGHAM,MA,017026215,42.2901292,-71.42823088074331,3,0
52f29732-15dd-3bc4-bf73-0ce15b3ca3dd,817a1428-2045-3e89-9fa2-ef7d287d6fa5,Gracia333 Schuster709,F,GENERAL PRACTICE,70-71 N PARISH RD,LAWRENCE,MA,01843,42.690315,-71.150015,119,0
474c7399-8f58-396d-8c5e-7371f6bb01d2,1a40cadb-d382-3853-9975-8b74417f291b,Scott935 Kilback373,F,GENERAL PRACTICE,300 BROOKSBY VILLAGE DRIVE,PEABODY,MA,019601445,42.55186086054086,-70.97261268384547,16,0
5c5d4492-0bac-39e4-86db-3abeb931761f,4bf8af75-4da2-331d-b94e-9975a887face,Gussie514 Mosciski958,F,GENERAL PRACTICE,57 PROSPECT ST,NANTUCKET,MA,025542799,41.27514065,-70.10108985970798,204,0
c5e07868-67d5-3f1e-aec3-a2e2a03a68af,b4359169-6bc8-3e93-9e0c-19c6bf518e58,Kurt412 Auer97,M,GENERAL PRACTICE,126 MONUMENT ST,HAVERHILL,MA,018322527,42.78715445,-71.10946686154523,5,0
473fb66f-f83f-3641-ae23-3124df9ffbd2,4846e68f-845b-38e6-aa40-48196bf9ff0e,Carylon722 Corwin846,F,GENERAL PRACTICE,130 COLRAIN RD,GREENFIELD,MA,013019625,42.59140995,-72.62336230812821,1,0
b16162f8-fc72-3286-9de0-a2f1c21cadcc,667b46fe-0afa-3f70-a311-bbe3d52db050,Mickey576 Borer986,F,GENERAL PRACTICE,757 BOSTON POST RD,WORCESTER,MA,016071728,42.231371,-72.165386,147,0
eebe5a18-a322-3c01-8dbe-9f4ba486c479,0ff7cb48-0c93-31cf-9442-0b034084d588,Erlene813 Kreiger457,F,GENERAL PRACTICE,2 BEAUMONT AVE,BROCKTON,MA,023023302,42.0835203,-70.98856021035954,4,0
ae2c7f0b-5699-3349-85e5-606ea4077144,50a91b37-cb62-3883-aa31-33802f142c2d,Forrest301 Bashirian201,M,GENERAL PRACTICE,65 WALNUT ST,WELLESLEY,MA,024812112,42.324730450000004,-71.25364984557581,19,0
6c930f04-4140-38e1-8388-1277215fa17c,a4af40b8-0ddb-34bb-ae4a-95a17e9ad6f3,Tambra47 Heaney114,F,GENERAL PRACTICE,100 MYLES STANDISH BOULEVARD  SUITE 103,TAUNTON,MA,027807340,41.948930849999996,-71.14141318475193,53,0
7ab33fa4-785c-3177-86e6-143e5315a96a,009f87f0-4bb6-350c-ba41-0b3235a7ca43,Delbert384 Tromp100,M,GENERAL PRACTICE,277 ELLIOT ST,NEWTON UPPER FALLS,MA,024641201,42.3134306,-71.2206105,7,0
403a7861-cf0c-324b-94e4-2f8fcea86a2d,570d1c4d-e28b-3f11-9250-47f6b3044c22,Jaime666 Hodkiewicz467,M,GENERAL PRACTICE,747 WATER ST,BRAINTREE,MA,021844772,42.1703397,-71.0068435,29,0
25b1f94d-11ea-3716-a575-a0ec21d81f75,9a9bf61e-44d3-32fd-a027-7138369b1716,Eldridge510 Weissnat378,M,GENERAL PRACTICE,194 ROCKDALE AVE,WEYMOUTH,MA,021882519,42.2212188,-70.9391625,13,0
ee0abeda-7bf8-390e-a6ac-b785f1487038,f945589f-88aa-366b-9e9d-2418d091112d,Azzie965 Ziemann98,F,GENERAL PRACTICE,105 ERDMAN WAY,LEOMINSTER,MA,014531805,42.54685255,-71.75737313871981,97,0
bde050d6-3f98-3a17-bea1-f71646f427c8,dd913783-9448-36f9-816d-37199011617b,Murray856 Corkery305,M,GENERAL PRACTICE,7 HARVARD ST STE 220,BROOKLINE,MA,024457979,42.333476142857144,-71.11868571428572,9,0
0cf84b68-6bd5-319b-8610-9ee6e008cdf0,775df862-d2d1-3a68-9814-043f6aa6ea66,Kimberlee228 Barrows492,F,GENERAL PRACTICE,770 CONVERSE ST,LONGMEADOW,MA,011061719,42.0639853,-72.5521444,12,0
e9b2a184-d6d8-3a06-a042-db3f3386ba46,fe675917-7b09-3afd-a6e6-128cc4de4734,Rod343 Kohler843,M,GENERAL PRACTICE,319A ALLSTON STREET,BRIGHTON,MA,021357652,42.345093,-71.139804,30,0
0a7660d4-4821-31ad-aedf-574185589294,bdc3ee76-9cf3-316d-b202-a8da1ea3fa20,Harland508 Rippin620,M,GENERAL PRACTICE,130 RUMFORD AVENUE  SUITE 211,AUBURNDALE,MA,024661370,42.35853505,-71.24125521214887,30,0
16d61459-bbdd-307a-8ad5-c46e4f93b5e8,8447e2c7-df8d-3e1f-9d88-b67dcca2bcb6,Tristan353 Baumbach677,M,GENERAL PRACTICE,22 HILLSIDE AVE,GROTON,MA,014501284,42.61232115,-71.5798529093222,9,0
cc1c5588-8ce0-3897-aa82-b47a921b6da4,5d4da50c-8593-304f-b266-57d8f7d634a2,Danette111 Klein929,F,GENERAL PRACTICE,250 SHEARER ST,PALMER,MA,010691428,42.168634600000004,-72.33353526811578,1,0
d7986dda-d062-3025-8fe7-f64fb17da1a2,7f08f09e-c5f7-38cd-83ba-ddafedd88a13,Shayne60 Pacocha935,M,GENERAL PRACTICE,133 SALEM ST,REVERE,MA,021511114,42.43833805,-71.01730877599738,2,0
36a4c8ae-faf0-3962-a93d-56ef8b9a0e9e,cee48694-b526-344a-b87c-42abe3e6f643,Deshawn686 Waters156,M,GENERAL PRACTICE,255 INDEPENDENCE DR,HYANNIS,MA,026011854,41.6772926,-70.29842983396861,14,0
62f5d5e7-230f-3346-9ce3-dff171aee2a9,643eac8e-1620-3b6a-b9f3-664b003d22cd,Frederick289 Kiehn525,M,GENERAL PRACTICE,34 GIFFORD ST,NEW BEDFORD,MA,027442610,41.6177929,-70.91890087055067,364,0
3228ba66-e99f-3ee1-aab3-517d28bc0f28,8e3ca57f-6f74-3d61-9803-ab1424290216,Concha418 Mann644,F,GENERAL PRACTICE,89 MORTON STREET,ANDOVER,MA,018102036,42.6551409,-71.12857340697036,48,0
2a78e84c-1034-3842-952c-84ce5b6a08fe,5fcff9db-16e4-3e56-aa78-abbc16338097,Marcus77 Schamberger479,M,GENERAL PRACTICE,295 VARNUM AVE,WESTFORD,MA,018863513,42.5792583,-71.4378411,2656,0
5e3a0fcf-bea2-3532-9824-c7e4b3d73543,fa09396a-2926-3b21-ad0c-9f6cabbce0eb,Brigitte394 Bartoletti50,F,GENERAL PRACTICE,1210 BOSTON PROVIDENCE TPKE,NORWOOD,MA,020625061,42.1714075,-71.1951186,133,0
c879d8e5-f3f9-340a-81d1-0cdf50ef24fc,40c01d75-1542-3e0b-8e5f-78d3031beba1,Daysi106 Reynolds644,F,GENERAL PRACTICE,505 PARADISE RD,SALEM,MA,019704267,42.485927,-70.900301,294,0
15db6f2c-449c-3999-8538-728b3a033fe9,8fed5af6-8e61-33f5-9835-e5d3ac5fdd4a,Justin359 Farrell962,M,GENERAL PRACTICE,11 SAINT ANTHONY ST,CHICOPEE,MA,010132141,42.1813162,-72.61495050899758,3,0
3f5dc33b-d658-30f3-8a8c-376a9ecd2d42,84abfbd5-41c1-3df4-9b31-7ca93cb2309a,Cole117 Block661,M,GENERAL PRACTICE,85 HERRICK ST,BEVERLY,MA,019151790,42.56415055,-70.8751357650672,213,0
fa791ef0-7feb-3dea-90b5-a95ba0162405,fa61a21b-27de-3ba7-bc4a-0d7145bf72a6,Tamesha39 Rodriguez71,F,GENERAL PRACTICE,100 CUMMINGS CTR,BEVERLY,MA,019156126,42.559237100000004,-70.88594445364896,26,0
8002cd61-5544-321c-99e8-f64cdfcf98e7,1ddd51d1-7297-3c3b-bad5-98aecd5e4a79,Dinah304 Kub800,F,GENERAL PRACTICE,127 CAMBRIDGE STREET  SUTIE #2B,BURLINGTON,MA,018033735,42.50188325,-71.19559351572005,141,0
3952f547-e4c5-399f-be4c-57f488600270,4cb90b5f-734d-322f-a2f2-776824e1ce35,Irvin970 Emard19,M,GENERAL PRACTICE,770 CONVERSE STREET,LONGMEADOW,MA,011061719,42.0639853,-72.5521444,41,0
5f78440a-91dd-3c74-bc28-355ecd3bbf63,93c3d861-e05d-33b9-91eb-1768470229d7,Phoebe31 Thiel172,F,GENERAL PRACTICE,10 CENTENNIAL DR,PEABODY,MA,019607938,42.5261827,-70.9529896,416,0
9469349a-aab0-329a-abeb-628d90e74ec3,2e1eaaf1-ebb0-332c-8921-f48e15b91879,Tambra47 Nolan344,F,GENERAL PRACTICE,2 SEAPORT DRIVE,QUINCY,MA,021711599,42.29287335,-71.03019020136307,79,0
f83df8d0-b421-3afb-8c9f-545e2fae3dc4,c272e12f-e154-3fee-b05d-b7c0cab2657d,Shasta644 King743,F,GENERAL PRACTICE,800 WASHINGTON ST,NORWOOD,MA,020623487,42.1886973,-71.2005241,717,0
fe3f53a0-0fc7-3fa1-bbb5-947e8fda5b62,ca1c0a76-f601-3a1c-a448-689cd3d56bb1,Livia401 Rippin620,F,GENERAL PRACTICE,96 FOREST STREET,PEABODY,MA,019603907,42.528469349999995,-70.95557442492182,53,0
bc94bb50-323b-33d8-9424-11d1dd38a6f4,8d0f0e66-b1dc-37fd-8b4e-0dcb6b3b446e,Les282 Pollich983,M,GENERAL PRACTICE,200 Springs Rd.,Bedford,MA,01730,42.503376,-71.272644,418,0
454b13b3-cec1-31ec-a802-a05abf1f4a8d,b66db758-a205-3227-9cfb-bf19d2c1962d,Eva64 Nevárez403,F,GENERAL PRACTICE,121 HARVARD AVENUE  2ND FL,ALLSTON,MA,021342702,42.35241825,-71.13220132573996,76,0
87ef0b06-fe4c-3b87-b807-367e66ec0bb2,b99b7849-2b53-33fb-8ce2-e3a95f17ae51,Diego848 Pouros728,M,GENERAL PRACTICE,910 BOSTON POST ROAD SUITE 320,MARLBOROUGH,MA,017523761,42.355106,-71.47654,24,0
5123c816-8beb-347a-b892-698709b1eb8b,f6a306cf-7bd6-35f4-a6b7-2d07d273914c,Ariel183 Von197,M,GENERAL PRACTICE,63 FOUNTAIN ST STE 402,FRAMINGHAM,MA,017026280,42.27595495,-71.42631150114194,333,0
d14b1fdf-eb18-3474-be1b-05372e8f6040,f549a720-814b-3dc6-ae77-6376a22564ee,Nichole96 Prosacco716,F,GENERAL PRACTICE,209 COUNTY RD,NORTH FALMOUTH,MA,02556,41.6459404,-70.6183639,3,0
7dd3a71c-8eb7-3458-b28d-b3d94594f395,32fcdfba-8c93-30f4-b15b-dd3b65c29deb,Sparkle906 Bernhard322,F,GENERAL PRACTICE,20 NORTH MAPLE STREET,HADLEY,MA,010359715,42.3615107,-72.55261320852942,144,0
d651e18c-c624-3f02-bcea-45d977e48d2c,0ddb0329-b59d-3187-874c-602c649249c8,Eldon28 Cassin499,M,GENERAL PRACTICE,115 W SILVER ST,WESTFIELD,MA,010853678,42.1178811,-72.75935246865802,507,0
878f495a-bd0d-3ffc-9411-2a7a408ea83e,1e3ca321-fbbb-3546-b9ea-c3761a20324a,Noe500 Howe413,M,GENERAL PRACTICE,605 Lincoln Street,Worcester,MA,01605,42.297756,-71.766815,2692,0
8c8554fc-eb5e-3f9b-a886-9e33070c8ee0,764bf964-6ab7-30eb-885b-3d713ca43265,Carrol931 Wilderman619,F,GENERAL PRACTICE,ROUTE 6   P O BOX 1430,WELLFLEET,MA,026677402,41.936423,-70.021074,210,0
21c77668-9e25-3f63-8a9e-981718a95fd6,2cf06ddc-4c55-3c91-98f1-fb0188079c27,Shelby741 Rolfson709,M,GENERAL PRACTICE,10 VETERANS MEMORIAL DRIVE,MILFORD,MA,017572900,42.14682295,-71.50153080894427,18,0
85a1aabf-7553-340e-a3cd-9e3bbd4e425e,02c936e2-3aee-38b2-88a4-81f3689b7bb7,David908 Ordóñez148,M,GENERAL PRACTICE,120 FISHER AVENUE,BOSTON,MA,021203320,42.3276141,-71.1051603,95,0
4366fee2-e835-3dca-96ab-c15f8b00ed08,5f7663da-4b19-3629-b8f2-fb07d75421d9,Savanna736 Johnson679,F,GENERAL PRACTICE,42 ASBURY ST,SOUTH HAMILTON,MA,019821808,42.61322825,-70.87300675048934,40,0
42beaf95-c133-36c8-bdd2-267c91425611,609ec9f1-e806-3427-b912-9e3b2915521d,Rodrigo242 Rico947,M,GENERAL PRACTICE,575 BEECH STREET,HOLYOKE,MA,010406604,42.20105435,-72.628169560868,578,0
187f33c1-d74f-3728-a1c2-6306b14d04b8,5fa5e611-be3d-3ebb-8f71-124325f6005f,Isiah14 Nikolaus26,M,GENERAL PRACTICE,480 ROUTE 6A,EAST SANDWICH,MA,025371438,41.742172,-70.45251,309,0
3858625f-57f6-3983-a42d-0fb54b044658,bff65303-97b4-3841-950a-1c9e9e735de0,Alline927 Schimmel440,F,GENERAL PRACTICE,100 AMITY ST,FALL RIVER,MA,027212202,41.6737661,-71.16934217317342,4,0
cde6c203-3c91-3127-955c-c0c0377b9ff4,bf556284-7513-3620-a10e-5393183a9a87,Tabatha105 Roob72,F,GENERAL PRACTICE,795 MIDDLE ST,FALL RIVER,MA,027211733,41.6924092,-71.16345107025307,643,0
8d4c768c-1220-395b-8d4a-d31f2bbc46c4,9fd71acd-3535-353d-975f-ed7dbf5f9961,Yvette315 Herzog843,F,GENERAL PRACTICE,250 GREEN ST,GARDNER,MA,01440,42.586896550000006,-71.98672640006858,64,0
ee8cdbf6-aa8e-3c21-8b22-4bd4715fbed9,e93b27a8-6507-3595-84a5-f899ce23a72d,Gertha313 Sanford861,F,GENERAL PRACTICE,70 EAST STREET,NORTH ANDOVER,MA,018456144,42.6839894,-71.1127065,155,0
fda7abf8-0385-3f7a-8c69-8170512c81eb,365eae93-6352-3d48-9a8d-dc9fa4b917be,Tyson541 Kertzmann286,M,GENERAL PRACTICE,32 HOSPITAL HILL RD,GARDNER,MA,014402302,42.572366450000004,-71.97690789055164,2,0
81af5ad9-070d-3def-b117-c2d39e20ffa5,6a21521e-d3c1-3ba8-a7ae-453b5a930285,Shaun461 Klocko335,F,GENERAL PRACTICE,168 INDUSTRIAL DR,NORTHAMPTON,MA,010602379,42.335726,-72.63284732269418,3,0
648dc2e3-dcc2-3ee6-8627-f467c287beef,2b84e56e-08b4-3078-b3ea-4d159208e065,Verda448 Bahringer146,F,GENERAL PRACTICE,1029 PLEASANT ST,BRIDGEWATER,MA,023242301,41.9718173,-71.00937893001648,299,0
0dded82b-1eb2-369b-9410-09b37f063062,05137a62-1a8f-34ff-8baf-a0c35c238ea0,Houston994 Olson653,M,GENERAL PRACTICE,750  ATTUCKS LANE,HYANNIS,MA,026011950,41.676027500000004,-70.29727035,96,0
ae6bd735-179d-3f96-875f-d318b034875d,7b9a19b2-d900-3f93-a47b-4b88491fb57b,Francis500 Witting912,M,GENERAL PRACTICE,308 KINGSTOWN WAY,DUXBURY,MA,023324647,42.030389650000004,-70.73959947632582,13,0
ac0355d6-c2f8-33ad-afe4-1329a80a5fef,4ffa4412-1493-3beb-b8f0-6614dde953a4,Harland508 Ryan260,M,GENERAL PRACTICE,363 HIGHLAND AVENUE,WAREHAM,MA,025715011,41.745636,-70.658192,3282,0
d5051b55-6025-34cb-bf5a-9bf42b0e7a39,ede4a423-6258-3ef5-b5ba-0fa6bb579563,Olinda137 Paucek755,F,GENERAL PRACTICE,326 NICHOLS ROAD,FITCHBURG,MA,014205478,42.5974358,-71.80761197366103,79,0
3f92e694-c996-30d0-a13f-59321056b830,a14e698d-a9ba-3eae-9c8b-682ec726433d,Karla801 Cummerata161,F,GENERAL PRACTICE,776 WESTERN AVE,LYNN,MA,019052408,42.466763,-70.9494939,519,0
1f53ae5d-080a-3a32-b73d-aee78a945c1e,69eae27b-7445-3652-bd34-b535abe0b011,Sidney996 Schneider199,M,GENERAL PRACTICE,9 BICKNELL ST,QUINCY,MA,021696003,42.252227399999995,-70.96584679278924,125,0
a6383a2d-9849-3f63-a8e3-31b0781c44cf,dd9914b0-9491-3330-a890-d34e95e497ea,Taylor21 Haley279,M,GENERAL PRACTICE,1061 PLEASANT ST,NEW BEDFORD,MA,027406728,41.64280275,-70.92865004309593,868,0
e20256fc-53dc-3049-bf55-93e024afc541,d4b9a3f0-210d-3e46-a2c7-e099658ac543,Ferdinand55 Moen819,M,GENERAL PRACTICE,7000 GREAT MEADOW ROAD,DEDHAM,MA,020264090,42.266408549999994,-71.19518435636284,15,0
1fb99192-5c23-3305-8be2-1cc0db05d598,7f26da64-69ab-3db4-b285-c48c9836a653,Lupe126 Hansen121,M,GENERAL PRACTICE,500 WENTWORTH AVE,LOWELL,MA,018524937,42.631409,-71.283668,2,0
b523ecc7-e250-3049-a63c-e4297b796ef1,a247ed53-5f17-3eb5-87be-1d2257fa1579,Kayleigh718 Weissnat378,F,GENERAL PRACTICE,44 KEYSTONE DR,LEOMINSTER,MA,014531904,42.55144955,-71.74402465363428,2,0
30f88005-e7dd-32a3-8b9f-8e69db9eace6,4f183534-3e54-301c-b121-097faefc7bfd,Kimberlie352 Gleason633,F,GENERAL PRACTICE,140 HIGH ST,SPRINGFIELD,MA,011051449,42.105369,-72.57893361775467,8,0
3da655a3-4cec-375d-a12e-8e54f019f2f7,4c1a8ea6-b690-3c28-a02e-ebd82190ee65,Marcos263 Cronin387,M,GENERAL PRACTICE,885 WASHINGTON ST,BOSTON,MA,021111415,42.3479909,-71.064924,145,0
a614c958-375e-3ac8-a1b5-9190339fb67c,a7147477-c4dd-3018-b921-2707d7e098ee,Blair400 Kreiger457,M,GENERAL PRACTICE,164 PARKINGWAY,QUINCY,MA,021695020,42.245070088637796,-71.00313070924581,30,0
bac48441-b07d-3447-b4df-06f03c89ac7b,5ba6765a-f335-36b0-9c6a-6bb494c5330d,Sasha806 Schamberger479,F,GENERAL PRACTICE,31 OLD ROUTE 7,WESTWOOD,MA,020902333,42.2139873,-71.2244987,296,0
2f09c524-6dd5-34ee-b6a4-4402ddf156db,b6eeaaf7-1683-3bcb-b6ee-81ce304636ef,Ariane992 Pagac496,F,GENERAL PRACTICE,170 GOVERNORS AVE,MELROSE,MA,021763225,42.4564323,-71.064182,3756,0
bed8ccb4-a068-3319-b508-b270efa81904,1c42af32-f17e-32ec-b007-4ff8e2de493e,Sherman440 Wunsch504,M,GENERAL PRACTICE,235 NORTH PEARL STREET,STOUGHTON,MA,020723396,42.1004556,-71.0668392,391,0
0b3c167d-4fe4-3250-b840-638ea7c27d0c,ed5fc1f7-0ecb-3973-a5fc-89f80c6f5c9f,Maxine796 Homenick806,F,GENERAL PRACTICE,303 C HAVERHILL STREET,ROWLEY,MA,019692101,42.704962,-70.90837,104,0
28e63066-2d27-3ffe-a5b8-615e324e7bd4,12dc66ee-e2c7-3d5a-892e-157ff1d47f32,Felix524 Rogahn59,M,GENERAL PRACTICE,242 GREEN ST,WINCHENDON,MA,014751820,42.68061,-72.060691,43,0
0407ceb2-f027-3bab-85db-04981a5ea581,65eda534-1bdc-3192-8d02-1c3764447790,Alonso270 Hand679,M,GENERAL PRACTICE,1244 BOYLSTON ST,CHESTNUT HILL,MA,024672115,42.3214927,-71.1711481,360,0
21d508b3-4005-3857-bac6-2e0126d9b300,14932db8-e179-331d-98ad-dc1c352cb6d3,Lora418 Barrows492,F,GENERAL PRACTICE,743 MAIN ST,MELROSE,MA,021762707,42.460108950000006,-71.06216841036309,3,0
72f8ab07-4996-37f6-aa6a-7cef285b694f,d613e441-68e8-3502-8adb-3f770a1276bf,Emmaline88 Witting912,F,GENERAL PRACTICE,114 WATER ST,MILFORD,MA,017573007,42.13661855,-71.53474614336832,439,0
6964ca2f-88dc-3b9c-9650-cb9682a08ba1,6c064003-fa5a-38a5-b48c-36c5a9643e2b,Alysia661 Franecki195,F,GENERAL PRACTICE,2343 WASHINGTON ST,ROXBURY,MA,021193200,42.329843,-71.084608,12,0
b0bca2ee-0e47-3c51-af71-6be6f0a52e29,de29a374-221b-3cb4-8051-a02c1a35e5b7,Gwyneth692 Marvin195,F,GENERAL PRACTICE,562 WASHINGTON ST,SOUTH ATTLEBORO,MA,027036942,41.912892049999996,-71.36135809627689,448,0
f99dbb67-3e58-3166-a97d-c223d83fe523,b03b624d-c939-3688-986d-9555b8009a3b,Catalina187 Meléndez48,F,GENERAL PRACTICE,230 MAPLE ST,HOLYOKE,MA,010405144,42.207406,-72.608419,505,0
bb21856e-4d6d-3c68-95f4-5360c59c1373,ff6d901b-6850-378b-87d0-97a8c499aa43,Kurt412 Ferry570,M,GENERAL PRACTICE,935 WASHINGTON ST,NORWOOD,MA,020623411,42.18396765,-71.2037844209652,6,0
6378e368-05df-368a-978b-0bebe869db68,e856ee3e-f44b-3855-b70f-9546db2cf486,Isidro558 Haag279,M,GENERAL PRACTICE,120 THOMAS ST,WORCESTER,MA,016081280,42.26805405,-71.79619091193425,20,0
75ad710a-62cb-3c8f-b868-c6df819be761,ea153d0a-9ccc-3769-9a25-934b417071b7,Tashina114 Towne435,F,GENERAL PRACTICE,463 WORCESTER RD,FRAMINGHAM,MA,017015354,42.3095704,-71.4413097,328,0
37bf4208-15fb-3a77-965a-f07cb4d5069c,d3085315-9893-34c7-8889-3a31dc17c2b0,Ethyl508 Rau926,F,GENERAL PRACTICE,1428 MAIN ST STE 7,WALPOLE,MA,020811729,42.1325911,-71.2618886,688,0
ed1853ac-81cb-3656-a612-b5a1c9c63304,f4afdf7f-2ee5-35e1-8495-0ad8bdbb58c7,Patria17 Abshire638,F,GENERAL PRACTICE,5 HIGH ST STE 205,MEDFORD,MA,021553800,42.4186094,-71.11002086383617,37,0
82009854-8868-39ef-99f2-f857ec10f457,cfdca72d-58a2-3bb6-9986-81a5be27f92f,Logan497 Dach178,M,GENERAL PRACTICE,30 MA AVE,NORTH ANDOVER,MA,018453458,42.6839894,-71.1127065,7,0
d994ee1b-0890-3dcd-ae57-f4d7918dda1c,eed72b73-31ec-3f0a-9ec4-cee4ea7da02a,Sylvester827 Stoltenberg489,M,GENERAL PRACTICE,154 WATER ST,DANVERS,MA,019234103,42.54484315,-70.91821226389943,1,0
4a6b12d8-81e3-34cc-91b4-81a2660116f3,469171e3-f6ec-3258-8e16-7038f6a439c0,Rodger755 Brakus656,M,GENERAL PRACTICE,COUNTRYSIDE DRIVE,MILFORD,MA,017571252,42.1413353,-71.5192019,60,0
4ee0cdcb-8675-3dd0-a6ef-658061a6c5ce,6da1fb82-e214-3226-b32c-e93faf0c3764,Jacinto644 Hane680,M,GENERAL PRACTICE,1 UNION STREET,LAWRENCE,MA,018401815,42.706184,-71.153288,28,0
9c28cc6e-3b85-3475-9435-60e2e01c9eaf,18061fd5-fda8-3e2d-87f0-0f3c87211bcc,Margarite168 Koepp521,F,GENERAL PRACTICE,1493 CAMBRIDGE ST,SOMERVILLE,MA,021431408,42.3875968,-71.0994968,2532,0
732f54fb-381b-32b0-9672-607fb5abff35,1faab3d1-2ae5-3110-8e5f-c65b92ca906d,Terri848 Ankunding277,F,GENERAL PRACTICE,29 LEWIS AVE,GREAT BARRINGTON,MA,012301713,42.19093125,-73.3715000043024,571,0
cb6dd4b4-7f8b-3c9e-bec3-493b0d785406,c64c848c-0315-3115-87fa-80c360bb6a73,Hernán834 Reyes140,M,GENERAL PRACTICE,142 BERKELEY ST,BOSTON,MA,021164608,42.3489076,-71.0721378,297,0
86968736-eb05-39ae-a10e-9f8b75674c0b,a2b4aab1-3117-3d51-81d3-81c0ed9ad6f4,Ezequiel972 Kertzmann286,M,GENERAL PRACTICE,34 SCHOOL ST,FOXBOROUGH,MA,020352318,42.06467495,-71.25151295640843,16,0
e90a0428-00aa-303d-8db4-c0f1939c0e67,76281d34-caff-30e0-8545-bcdf33182109,Jane262 Schmeler639,F,GENERAL PRACTICE,500 WILBUR AVENUE,SOMERSET,MA,027252051,41.72075205,-71.16843052114558,103,0
f0c4d99f-7db1-3f49-af59-d41034cf01d1,4633340c-c833-30a3-ab0e-f5cfa5fda28b,Kimberly627 Trantow673,F,GENERAL PRACTICE,250 GREEN ST,GARDNER,MA,014401377,42.586896550000006,-71.98672640006858,50,0
e6cddc01-5300-3664-b4de-bd38e400fb42,20e0567a-b9bf-3dd8-92b3-6a61b5628069,Solomon675 Gusikowski974,M,GENERAL PRACTICE,800 WASHINGTON ST,BOSTON,MA,021111552,42.349439700000005,-71.06308467518953,58,0
7af33eb5-c3b7-3552-aa0e-5217c75c0a93,7e97f720-f99d-3402-98a4-a144aaa5bd01,Karl184 Hansen121,F,GENERAL PRACTICE,210 JONES RD,FALMOUTH,MA,025402974,41.5614958,-70.6117407224321,400,0
500dd737-d6aa-3c4e-8e29-d75ce600f11b,b3ada130-6443-3a8e-98c7-4ec127a2b0c4,Natalya468 Haley279,F,GENERAL PRACTICE,ONE GREAT ROAD,ACTON,MA,017205601,42.4850931,-71.43284,247,0
10f53a89-715d-30ae-9e30-89d725f9ee5f,a36dcb53-a762-38d4-ae84-40f46195a6dd,Basil991 Reilly981,M,GENERAL PRACTICE,260 EASTHAMPTON ROAD,HOLYOKE,MA,010401213,42.226424,-72.646798,4,0
138217b7-141e-33d4-b263-c7b148e0537c,9b75a56a-0e77-3a27-bc2f-c78db169d50d,Tiffanie406 Dicki44,F,GENERAL PRACTICE,259 BALDWIN ST,LOWELL,MA,018512211,42.63123177188311,-71.34869430774044,3,0
7fcffb27-15f3-3b8b-a0a0-726f7235d0d0,811cc811-0061-341c-a719-9ba7ef8dc699,Jerome176 Sporer811,M,GENERAL PRACTICE,245 VINEYARD HAVEN-EDGARTOWN ROAD,EDGARTOWN,MA,025396941,41.395500350000006,-70.5300948008162,64,0
e224f8b5-b5df-3a6e-8245-88b9a9080f51,d17688c1-9cc8-3e68-980f-82fe1ed685fe,Adam631 Robel940,M,GENERAL PRACTICE,100 TEATICKET HWY,TEATICKET,MA,025365678,41.56361395,-70.59806084770075,83,0
89ce2281-0f86-34d7-80f3-06700d8c5e60,7489f6e0-fee6-3fff-90b6-444868eb907c,Kasey569 Rau926,M,GENERAL PRACTICE,1 KIDDIE DRIVE  SUITE 106,AVON,MA,023221182,42.130150349999994,-71.05720685110387,145,0
6ae32826-5006-3ff6-bfb4-728ba887c997,084b19be-a78e-3626-b156-a50134fa7fe2,Glinda951 Smitham825,F,GENERAL PRACTICE,10 RESEARCH PL STE 202,NORTH CHELMSFORD,MA,018632439,42.6389798,-71.3828403,111,0
8c5388ea-a76c-317e-8d62-dc51208ac8e2,06f1d816-dd54-3409-bd94-8dc2745f807c,Yulanda554 Hand679,F,GENERAL PRACTICE,12 KENT WAY  SUITE 210,BYFIELD,MA,019221221,42.75468625,-70.9451078257969,133,0
3e52eb94-18c9-3caf-b42b-56e1d06ac51d,acffdfa8-1383-3929-8c99-e73969491439,Iva908 O'Keefe54,F,GENERAL PRACTICE,1153 CENTRE ST,BOSTON,MA,021303446,42.3017598,-71.12855793387442,314,0
66f8d838-22df-31a6-a8ab-3fafab73f329,ca2937a1-8877-31a2-9d38-561bd300b3e3,Yuko264 Mueller846,F,GENERAL PRACTICE,780 ALBANY STREET,BOSTON,MA,021182755,42.333645250000004,-71.07279114401811,39,0
58501424-768f-3d7e-9e22-ff8a81e253a1,545dcda5-7471-374e-9251-b4b685197d3c,Teodoro374 Koss676,M,GENERAL PRACTICE,175 CONNORS STREET,GARDNER,MA,014402637,42.5730593,-71.99713285,85,0
a6d91b6e-a135-301f-b58e-e9eff56334e1,45ce6eff-535b-37e2-bed3-1946200aa03f,Mora209 Blanda868,F,GENERAL PRACTICE,309 BELMONT STREET,WORCESTER,MA,016041059,42.280233499999994,-71.7694812367883,16,0
95c42995-b014-32a1-8c9d-5376f067773d,43e33b67-64ac-3314-99ee-114fb2b56b80,Fidel864 Cummerata161,M,GENERAL PRACTICE,200 HILLSIDE CIRCLE  SUITE 2,WEST SPRINGFIELD,MA,010894681,42.105237,-72.6213712,7,0
4177cae5-5df4-3ef1-935a-fb6fc7d3e7b8,1e11392b-1278-3e70-93cd-f396cbd0c265,Gino587 Block661,M,GENERAL PRACTICE,115 LINCOLN ST,NATICK,MA,017607700,42.2843753,-71.3441395,3224,0
2ebb8528-5df4-37bb-bab3-4aa813487cfd,fe30f2b4-9bc8-346e-afba-4455d1766545,Wilson960 Turner526,M,GENERAL PRACTICE,17 LAFAYETTE AVENUE,CHELSEA,MA,021502010,42.40019115,-71.03050082480353,211,0
8812b594-31d9-3e75-a4b8-6a013614e70e,00fde0ed-5951-3b9f-8413-0f25f85a8d4f,Artie871 Hodkiewicz467,F,GENERAL PRACTICE,81 OLD COLONY WAY STE D,ORLEANS,MA,026533278,41.78403385,-70.00060868097228,93,0
311eac3e-8190-3bb3-8441-274519d24d48,6cf8a214-8d57-3267-85e5-7719e15cd63e,Cindie288 Zulauf375,F,GENERAL PRACTICE,170 MORTON STREET,JAMAICA PLAIN,MA,021303735,42.299067750000006,-71.10124351911541,2357,0
e20ae9f7-9317-3acb-a0c6-ff30d94983e7,13161e5b-02d2-3d19-8b48-26ef0becfc83,Erasmo545 Crooks415,M,GENERAL PRACTICE,165 CAPTAIN'S ROW,CHELSEA,MA,021504019,42.3917638,-71.0328284,122,0
01fc1b9b-5f57-3244-90ba-f4a4ef1514f0,4bc0cc09-77e5-37f5-844d-64a6637cae54,Ahmed109 Feil794,M,GENERAL PRACTICE,91 EAST MOUNTAIN ROAD,WESTFIELD,MA,010851801,42.110743549999995,-72.70066160206358,859,0
64257360-f604-3d65-af99-067d0c01174a,b4e81d20-a3d6-39db-8b04-bcc4ab5de7b2,Warren653 Flatley871,M,GENERAL PRACTICE,354 WAVERLY ST,FRAMINGHAM,MA,017027079,42.276938650000005,-71.41386787587439,163,0
cffc2e35-df32-3f66-b0c7-294dd58a4505,0fedae9f-701f-3317-9b2f-69aea2202cdc,Sharron285 Batz141,F,GENERAL PRACTICE,88 EAST NEWTON STREET,WINTHROP,MA,021522715,42.3750976,-70.982827,4134,0
657a31e1-e1a1-3055-a3ac-4541f593ff54,9043e647-568d-3e87-9fc0-756a416392d3,Alica364 Hartmann983,F,GENERAL PRACTICE,27 CENTENNIAL DR,PEABODY,MA,01960,42.52388415,-70.9519832,140,0
b4ffcb85-30d1-35a1-99b8-5df7bfe54744,c7b63332-fdc7-3ab3-936b-284b931a9f6a,Bertha558 Nolan344,F,GENERAL PRACTICE,55 COOPER STREET,AGAWAM,MA,010012149,42.080218599999995,-72.61816103207964,2,0
4ad08ed4-b7e8-30be-94c6-4c6f81d36492,0cc04ba5-137a-3ef8-acda-e79b25960b2a,Fallon874 Homenick806,F,GENERAL PRACTICE,25 ADAMS ROAD,WILLIAMSTOWN,MA,012672928,42.7009605,-73.18515951851253,21,0
e54136b3-434e-3572-80d9-516824e06a10,3e16ee4b-2dc7-3e29-ab5b-0ce980c362b1,Reyes140 Sauer652,M,GENERAL PRACTICE,1200 SUFFIELD ST,AGAWAM,MA,010012933,42.04892565,-72.63626743195428,2,0
0cc28f2b-8512-3425-8879-42f9d6889723,ccb716b1-277f-3eff-999f-3ac0df45713a,Mahalia897 Boehm581,F,GENERAL PRACTICE,25 LAFAYETTE ST,MARBLEHEAD,MA,019451939,42.4938348,-70.87382362834484,4,0
561fddc9-0832-3564-b2fa-4c862eadb754,733fc7d0-7cf3-3995-82ef-a9883b807273,Daryl568 Yundt842,M,GENERAL PRACTICE,175 FRANKLIN STREET,NORTH ADAMS,MA,012472712,42.70707,-73.10094536747326,67,0
398e351a-c666-3467-baea-8b37145fcb93,c08918f3-0fa8-30b1-9420-aeb90b64030d,Antonia30 Barela183,F,GENERAL PRACTICE,484 MAIN ST STE 535,WORCESTER,MA,016081893,42.114750900000004,-72.10673627811096,26,0
3ad7d7d7-adbb-35c1-a97a-6c61d4be060a,86bbc3aa-e927-3d56-9d77-ab701b4b2926,Lucien408 Howe413,M,GENERAL PRACTICE,538 ROBESON STREET,FALL RIVER,MA,027205496,41.707225,-71.1432141111111,42,0
eedf8483-92c8-3944-acb0-e3597de2578e,9ab139f5-d278-31b4-b44e-feffdea65613,Shayla126 White193,F,GENERAL PRACTICE,88 ROUTE 6A 101,SANDWICH,MA,025631866,41.764922,-70.502215,147,0
82a0affa-a184-3abb-86ab-957922adc3ca,21fa25b9-6842-3a3c-bef2-2eb383ad525e,Patrick786 Langosh790,M,GENERAL PRACTICE,180 LOW ST,NEWBURYPORT,MA,019503519,42.815683050000004,-70.89666045994463,5,0
f14f3267-f749-3756-ba9a-a009577c6d1d,4b7c1695-a178-3e03-8651-51acfd3b8372,Jesusita936 O'Keefe54,F,GENERAL PRACTICE,600 OLD SOMERSET AVE,NORTH DIGHTON,MA,027641824,41.86399,-71.1244904,215,0
3aaf063e-4343-366d-8b31-e626107adf49,5c2e4b0c-fb84-3f95-bbec-a96c18600bf5,Earleen680 Schneider199,F,GENERAL PRACTICE,61 COOPER ST,AGAWAM,MA,010012149,42.0804485,-72.61914987322373,12,0
8ebae0f8-3bc2-376c-ba82-c0d2534ae3ad,a3327df4-d092-350b-b551-e60c82076c9a,King743 Predovic534,M,GENERAL PRACTICE,46 NORTH MAIN ST,W BROOKFIELD,MA,015853232,42.23754835,-72.13791547215251,222,0
db9190d0-9218-3a24-866d-8a82ac38df24,0b5f4cda-f9ae-36a8-a94c-ffbf56f45236,Ardath226 Hodkiewicz467,F,GENERAL PRACTICE,210 MARKET ST,NORTH ANDOVER,MA,018451656,42.6839894,-71.1127065,10,0
f7b3e29f-9d01-32cf-aa1c-78d77afaa284,aade280a-3b90-3e48-9648-91109a964a63,Josef103 Klein929,M,GENERAL PRACTICE,909 SUMNER ST,DARTMOUTH,MA,027473826,41.6332267,-70.9879928,5006,0
f452ccc7-63ff-3380-a0c0-25d06fa7485a,6adc9d34-9b73-3285-abb7-56e567f1ba26,Candy565 Wunsch504,F,GENERAL PRACTICE,271 NAHANT RD,NAHANT,MA,019081341,42.42554385,-70.91995214383596,15,0
c2c6c27b-0511-342f-b3e2-9e399a97e8b3,18764c6a-31fe-391c-80ac-6a5b761e06d6,Eleonor544 Doyle959,F,GENERAL PRACTICE,19 OBERY ST,PLYMOUTH,MA,023602129,41.94456995,-70.64966444737888,2,0
2339a765-f398-3585-8ca7-36a4e66e2b55,df3ffcde-b9eb-3965-acdf-f56a6d1424c4,Maurice742 Brakus656,M,GENERAL PRACTICE,1 ARSENAL MARKET PL,WAYLAND,MA,017781840,42.3632063,-71.3606721,4,0
605f8b5e-7fc3-35da-8196-cdce32482979,981338c4-287c-3621-bc45-8b0b9f1b8922,Esteban536 Caraballo427,M,GENERAL PRACTICE,640 BOLTON ST,MARLBOROUGH,MA,017523999,42.3658183,-71.55914630258509,277,0
d9a75a3d-cfca-36eb-8289-e2e69f11036b,96e9e829-0b71-3ad3-8b41-60e25b5d47d7,Doyle959 Crooks415,M,GENERAL PRACTICE,111 ORIENT AVE,EAST BOSTON,MA,021281006,42.39055278090538,-71.00587148689957,9,0
75f5ce72-77a1-3b8c-b509-c85f9585dcb0,e59fb2d5-508c-38c6-af2e-21d8216dd2b0,Nicholle822 Fisher429,F,GENERAL PRACTICE,759 CHESTNUT ST,WARE,MA,010821625,42.256476,-72.237482,2534,0
e1f8b517-6293-38c0-a376-d3e44f2e9a7e,1e8b3677-a601-3afa-8a48-a978d873c271,Xavier983 Jakubowski832,M,GENERAL PRACTICE,444 HARRISON AVE,BOSTON,MA,021182404,42.3432437,-71.0644988,16,0
a7729fc2-377a-3278-82ca-6f6005cc9ec8,7a3b8310-02eb-3c47-aa1b-3f55b3ed9de9,Leif534 Dare640,M,GENERAL PRACTICE,6 HATFIELD ST,NORTHAMPTON,MA,010602545,42.333172950000005,-72.6566355591273,641,0
a74ec0e8-7301-39a1-bbdf-76d7cd6fed0f,84de2bcf-1b1a-3ce2-9f6d-9e0cb34991f6,Margery365 Rippin620,F,GENERAL PRACTICE,45 DAN RD,WELLESLEY,MA,024813503,42.2964859,-71.2925571,13,0
cadcc827-0836-3de6-9d71-ca136ce1ac24,ecadbc11-930c-3903-b706-f8ef4bc9089e,Earlene410 Baumbach677,F,GENERAL PRACTICE,780 CHESTNUT ST,SPRINGFIELD,MA,011031109,42.1211633,-72.60614164702717,354,0
736ea8ac-bb0e-3cf2-89bc-1a36911c9598,0f9d1260-db33-3483-b2b6-5483cfcb739c,Lizette501 Lebsack687,F,GENERAL PRACTICE,361 WOODWARD ST,WABAN,MA,024682027,42.326011949999994,-71.2254251580706,107,0
bd45fe92-ed6e-36ce-908e-b02662203c91,712509af-be0c-3f54-a34c-f4796e538e4e,Kristofer887 Cruickshank494,M,GENERAL PRACTICE,200 MILL ROAD SUITE 120,FAIRHAVEN,MA,027195252,41.650636,-70.88137185966522,20,0
5ae71a4d-7670-38a2-ac03-2170aa1ecf48,ad007cc5-a3df-3aa7-886d-5123ab59d189,Antoine384 Maggio310,M,GENERAL PRACTICE,85 N WASHINGTON ST,NORTH ATTLEBORO,MA,027601634,41.98443775,-71.33190349847027,7,0
9cd1d889-938d-30cf-8ece-3c4df8c96760,980d9bfa-a344-3bff-8c02-232dd0e8fd34,Pearlie554 Lakin515,F,GENERAL PRACTICE,100 TRADE CENTER SUITE G-700,WOBURN,MA,018011851,42.4792618,-71.1522766,129,0
6f703029-e641-3f0b-a622-a3bf8e34269d,f480acd0-7ef1-350d-aae6-d8e7d53ace57,Danelle47 Ondricka197,F,GENERAL PRACTICE,1193 SEA ST,QUINCY,MA,021693544,42.26883395,-70.95264075087945,339,0
53c39db2-53ab-35b1-988f-f211b1d1d57a,794b1cc2-97be-30a4-83a0-4bf6add43c74,Hugo693 Gutmann970,M,GENERAL PRACTICE,215 THATCHER STREET,BROCKTON,MA,023023949,42.0740963,-70.99660306096918,96,0
120a944f-c777-3b4f-a4a2-b96a1ec05396,440fa4b8-c731-3cf5-81d9-aa3f30a37b95,Bennie663 Abbott774,M,GENERAL PRACTICE,41 & 45 MALL ROAD,PEABODY,MA,019602901,42.5278731,-70.9286609,3361,0
623cf302-84ad-35dd-8680-a004f463cf2c,a1434ca1-a1ac-3884-abc7-fc4c35cc8b68,Guillermo498 Dietrich576,M,GENERAL PRACTICE,390 ORLEANS ROAD,NORTH CHATHAM,MA,026501154,41.700306363636365,-69.96549390909091,8,0
8b733928-6434-3ab4-b119-47549eef8db4,0fab3c4e-a028-39a6-b15a-be5a88b6aa2a,Cletus494 Paucek755,M,GENERAL PRACTICE,222 STATE STREET,LUDLOW,MA,010563437,42.15547415,-72.47222226666076,4987,0
2c046b20-3d0a-350f-a3cc-a16c019b1c8a,b0016371-afcb-37a6-8f90-5e3786e7806f,Claudio955 Toy286,M,GENERAL PRACTICE,629 SALISBURY ST,WORCESTER,MA,016091120,42.2932691,-71.8390048,5,0
9caf95ba-9eb7-37b5-8a59-5275b0d800ea,3b021cb6-4745-3d9d-8436-230055f770bd,Dusty207 Franecki195,M,GENERAL PRACTICE,148 CHESTNUT ST,NEEDHAM,MA,024943238,42.27728075,-71.23665362814043,1605,0
0c19e6a7-c89e-3692-bfe5-ec89f7862a10,7b95b4ab-5bb6-3abc-b0e5-02689f84228d,Audra143 Beatty507,F,GENERAL PRACTICE,20 POND MEADOW DR,READING,MA,018673261,42.516645499999996,-71.09917578750729,75,0
c4f5cece-4405-3ac9-8508-a156324da698,52261c45-f32b-3666-9da7-890705373c9d,Mickey576 Johnston597,F,GENERAL PRACTICE,30 PERWAL ST,WESTWOOD,MA,020901928,42.21397175,-71.1786332019174,3,0
21420df8-bfae-31a8-a9b9-cc82a82b6033,83f59b06-c094-345b-afae-856f22c1ac2c,Justin359 Gutmann970,M,GENERAL PRACTICE,255 Park Ave Suite # 900,Worcester,MA,01609,42.265556,-71.818665,82,0
a1020e2b-fcc9-3f03-8369-1ba7f0682393,aaa7ebaf-b1a0-38c1-ba89-a16712cf431c,Violette536 Halvorson124,F,GENERAL PRACTICE,16 PLEASANT STREET,BRIDGEWATER,MA,023242420,41.98625885,-70.97978204646246,30,0
47e37d37-86d8-38c3-9557-b97501ab65d1,ab074997-79db-3114-b6ac-5c21cda8ee3a,Maryanne663 Abernathy524,F,GENERAL PRACTICE,111 HEADWATERS DR,HARWICH,MA,026451028,41.705945549999996,-70.08904355,6,0
83b9b5c7-ef24-3ab6-ae96-68c351174514,6b209cfb-56fd-31b8-895e-c936839bfa1d,Colton403 Glover433,M,GENERAL PRACTICE,37 BIRCH ST,MILFORD,MA,017575501,42.1424349,-71.48943173357203,13,0
7cb1291c-8fc0-3f4c-929c-a61e99f4d483,ce53c877-0290-390a-b4b4-2462001a1713,Anabel269 Hilll811,F,GENERAL PRACTICE,847 ROGERS STREET  SUITE 201,LOWELL,MA,018524345,42.6275246,-71.27673639687623,263,0
a0bbe661-f4b6-3d55-8953-40cb6fbf902b,36705572-6b8a-337d-9d01-be1087ce4650,Lindy582 Corwin846,F,GENERAL PRACTICE,233 WINTHROP ST,TAUNTON,MA,027804428,41.89112605,-71.11254102062864,62,0
c1f87c9e-9735-3aee-bb91-3d2bb086842a,34f0b10a-5e29-31de-a75e-e0bb03c0c0d4,Dierdre747 Leuschke194,F,GENERAL PRACTICE,56 COLPITTS RD,WESTON,MA,024931568,42.36610065,-71.3036759,459,0
d3a83efe-b2a1-30a5-b100-429732f0114f,e9a24be5-b0a3-3fd2-a606-dd13498024ea,Arturo47 Vigil207,M,GENERAL PRACTICE,85 E MAIN ST STE A,NORTON,MA,027662307,41.971697,-71.17689334021827,352,0
474e33c8-f19c-319f-b0f9-dd3c259d5dad,545ea18f-060c-389b-98f8-b6943979c207,Izetta651 Farrell962,F,GENERAL PRACTICE,6 ESSEX CENTER DR STE 201,PEABODY,MA,019602906,42.539944,-70.950156,63,0
74d3cac1-4b91-32fd-ac02-618127885917,57e4e5fa-d68d-3caa-a5ad-37beb1b51207,Latrina689 White193,F,GENERAL PRACTICE,800 WASHINGTON ST,NORWOOD,MA,020623487,42.1886973,-71.2005241,638,0
db866fde-8035-3c52-ba6f-553fe4326796,2c1eda9d-6d75-3c4e-86f1-d850d4ccfcdf,Cyrus914 Moore224,M,GENERAL PRACTICE,238 W MAIN ST,NORTHBOROUGH,MA,015321804,42.31181264999999,-71.65685612428547,5,0
46ccdb08-7b97-3cd7-a88e-be6aea44cc15,195620ae-835c-3da6-8600-3bd89fe8292d,Major265 Auer97,M,GENERAL PRACTICE,125 OAKLAND ST,WELLESLEY HILLS,MA,024815338,42.308723900000004,-71.26421651568413,3,0
d0ad0916-47f1-378b-ac06-d7284ee0ebdd,b20a0fe1-53b3-33fc-8acb-bc9a2df64e57,Michaele314 Schoen8,F,GENERAL PRACTICE,3 PATTERSON ROAD  SUITE 3,SHIRLEY,MA,014642907,42.552462649999995,-71.62383665745185,31,0
d7e230e1-69a4-35bc-87fe-e237a5e6c25a,2befa435-3070-3350-a15c-e43ac1e84b24,Teressa589 Schuster709,F,GENERAL PRACTICE,575 BEECH STREET,HOLYOKE,MA,010406604,42.20105435,-72.628169560868,94,0
1af9e8e1-a2e6-3552-91bb-bf278a5d69b1,05b2593e-1bc1-32ee-8d9f-0aad4fa74ff0,Hilary419 Schaefer657,F,GENERAL PRACTICE,940 Belmont Street,Brockton,MA,02301,42.065655,-71.05398,853,0
42e4cea8-1081-31af-81b8-20227da80a69,c92cc255-6778-3307-8092-987d667be4ce,Codi873 Bogisich202,F,GENERAL PRACTICE,89 FOSTER ST,PEABODY,MA,019608925,42.5278731,-70.9286609,124,0
3a3e16a8-d4c2-3e89-ba9b-9ddbeff16ca4,00ffb204-07b4-3c72-a678-fa252e6cf86c,Kathlene786 Satterfield305,F,GENERAL PRACTICE,450 BEDFORD ST,LEXINGTON,MA,02420,42.47370735,-71.25090005,909,0
0d2ce54e-aaf7-33e5-a376-69678d0ddf59,ad82d624-72eb-3c7d-a76d-79f2668d1390,Georgianne697 Howe413,F,GENERAL PRACTICE,3 WOODLAND RD,STONEHAM,MA,021801711,42.452443099999996,-71.08939988105112,934,0
d7b7bb9f-c810-36b5-81b3-86d120f25b85,70a26106-6797-39f8-83e6-6bcf212b99ad,Christopher407 Mohr916,F,GENERAL PRACTICE,340 MAIN ST,WORCESTER,MA,016081601,42.53616075,-71.74831883675786,153,0
35485431-be9a-3dcc-a814-c8b43fc97ed0,b8421363-9807-3b16-a146-95336eea5cfb,Cleveland582 Kuphal363,M,GENERAL PRACTICE,30 LOCUST ST,NORTHAMPTON,MA,010602052,42.33032115,-72.65330802608176,7912,0
12956c6b-6b96-3421-8e67-f1ee580c75df,2d578863-d945-3e48-91c8-3912d31e5078,Quentin28 Kertzmann286,M,GENERAL PRACTICE,65 FREMONT ST,MARLBOROUGH,MA,017521271,42.352030400000004,-71.55517867455714,37,0
723f52ef-07f4-34e8-bd23-2c179a418adf,8424b5ec-ba0a-32e9-94ae-a9d397884093,Booker670 Casper496,M,GENERAL PRACTICE,49 BLANCHARD STREET  SUITE 101,LAWRENCE,MA,018431456,42.69651155,-71.1612176954981,379,0
56d08368-eb92-393a-9da3-f5ce9ed72a54,3498e7d3-90fd-366b-bc6a-6f41dad6bae6,Pat3 Bradtke547,M,GENERAL PRACTICE,112 WEST MAIN STREET,NORTHBOROUGH,MA,015321824,42.318559050000005,-71.65097281611972,33,0
5af74353-48ec-30d2-88c0-e0ec5133c80f,37111f41-8bc5-35d3-9cd9-5b447a11ffd1,Ilene33 Greenholt190,F,GENERAL PRACTICE,TEN INGALLS COURT,METHUEN,MA,018443712,42.7262016,-71.1908924,80,0
9f69cc69-4fdb-3903-8330-3dc1b9238d0f,7567027f-af4e-3cd6-b1bf-e764ca3a5866,Rusty501 Rodriguez71,M,GENERAL PRACTICE,215 BICENTENNIAL HWY,SPRINGFIELD,MA,011181962,42.095480800000004,-72.50509214731676,1,0
bcec4e85-7774-3383-a6d8-21e4a9cc9991,cf188e5a-8e03-39fa-9b64-542d64aff1eb,Roxann426 Schroeder447,F,GENERAL PRACTICE,300 BARBER AVE,WORCESTER,MA,016062476,42.295748599999996,-71.7982883685108,2,0
71df6255-1f55-3f2b-b619-8d87b8a010c6,24460683-f514-37ef-98c1-724b2fc9aa2a,Federico589 Rivas297,M,GENERAL PRACTICE,60 HODGES AVE,TAUNTON,MA,027803034,41.91158935,-71.10129620180315,508,0
ec111efa-dc7f-3fb2-bc00-03ea6ece30aa,f964d209-adbb-3f11-80ce-5687e587363a,Kaycee352 Roberts511,F,GENERAL PRACTICE,155 MAPLE ST,SPRINGFIELD,MA,011051828,42.1004364,-72.57897095,165,0
51911a50-36e6-3f43-893a-cb712f3f6e3e,945104f1-4b95-3eed-bd02-5efa0afbf34d,Dolores502 Ocampo729,F,GENERAL PRACTICE,20 CENTRAL AVE # 506,LYNN,MA,019011201,42.46410018181818,-70.9465129090909,26,0
c4982879-24e6-31f8-99d9-c06ce5915102,3076e02a-deac-3e81-96a9-1d32cbda6fca,Randy380 Kilback373,F,GENERAL PRACTICE,59 EASTWOOD CIRCLE,GARDNER,MA,014403901,42.567006649999996,-71.97817904424542,59,0
798ab1c1-1b45-3051-8f40-5359fd261619,752c7570-1637-36cf-8b74-03ea3acfa98c,Shakita329 Moen819,F,GENERAL PRACTICE,12 LITTLEVILLE RD,HUNTINGTON,MA,010509761,42.257603957277915,-72.87133712317558,187,0
f87a4cef-e488-30f7-b2c8-2e97bcf48965,1563fcb4-76a9-3ea4-863d-e276f38b9b3e,Elma843 McCullough561,F,GENERAL PRACTICE,700 ESSEX STREET,LAWRENCE,MA,018414396,42.7020708,-71.17231,106,0
5a6ae596-397b-3df8-9cd8-04b419a7de87,fbd4ccdf-2fdb-3652-9bbe-1ccff886bd34,Tana168 Collins926,F,GENERAL PRACTICE,320 CENTRAL STREET  UNIT A2,SAUGUS,MA,019062372,42.4632069,-71.0093761,121,0
d5f87b6e-e09f-3842-adca-f0c8bb0a4bbd,136e0049-9edf-355f-9d7c-aabc5c74761d,Leonardo412 Schiller186,M,GENERAL PRACTICE,255 LEBANON AVE,PITTSFIELD,MA,012017828,42.4320582,-73.3065210384207,2,0
16c89a2c-253d-3596-8cbc-3b18ff53bd1b,65f0254a-73a3-3b06-bced-54d511445535,Maira380 Carter549,F,GENERAL PRACTICE,720 BOSTON POST ROAD,MARLBOROUGH,MA,017523766,42.355106,-71.47654,11,0
eeaa055a-11b4-362a-9a47-37b744fb76d0,b8e724d5-b999-3029-8a2d-ad30fbd0b9ce,Dorris197 Rolfson709,F,GENERAL PRACTICE,63 MAIN ST,BROCKTON,MA,023014042,42.084598840000005,-71.01995972,49,0
a583eb7c-17b8-3040-8848-45d82c9f7098,901c2d40-1ca3-3879-9a20-c663b8adc0a9,Chanelle850 Schuster709,F,GENERAL PRACTICE,800 WASHINGTON STREET,STONEHAM,MA,021802445,42.4863168,-71.0928919,2291,0
47740d19-679d-3d29-b87b-285538321f1c,6170552c-4d27-3e64-8068-64a380f1837d,Jackelyn13 Pacocha935,F,GENERAL PRACTICE,76 SUMMER ST,HAVERHILL,MA,018305814,42.7786873,-71.07306505177553,4339,0
7061f422-911a-3bf0-a0f3-78090f2c6d23,e6cc6043-299a-3581-8f6b-b3b5d62c46ae,Ellen406 Farrell962,F,GENERAL PRACTICE,532 SUMNER AVE,SPRINGFIELD,MA,011082458,42.08631583333334,-72.55792579166666,750,0
3252bf9d-a863-3f37-acc5-4b0f98c9bafd,b9e35b8a-9831-32d8-a6dc-d7a546c126b0,Venus149 Blick895,F,GENERAL PRACTICE,111 HUNTOON MEMORIAL HIGHWAY  1ST FLOOR,SPRINGFIELD,MA,011092550,42.1018764,-72.5886727,3371,0
4821c865-ee58-3dfb-ba5c-83b223576f43,06988693-a9d8-392b-a2ce-a07de8a931ad,Jimmie93 Reinger292,M,GENERAL PRACTICE,136 BOSTON POST RD,SUDBURY,MA,017762406,42.3638568,-71.39664274207772,4,0
3c3e8752-e373-350a-bff8-e3f338b79c83,70d5bbef-3c05-3318-b9d7-003dc8fbb8cf,Shenika151 Little434,F,GENERAL PRACTICE,33 SUMMER ST,TAUNTON,MA,027803479,41.9005416,-71.08895606814966,2,0
8d35cf91-56b2-3c79-b91d-3952451a9e4a,22249c0a-8ce9-3726-a3bb-b037c773ce5c,Thaddeus38 Sauer652,M,GENERAL PRACTICE,337 NEPONSET AVENUE,DORCHESTER,MA,021223103,42.2875144,-71.0470691675753,41,0
79b8692e-45ab-3c34-bd20-d312aa8f2825,7a75decf-7d3f-3b0d-8c2b-3abf0a8c7f58,Afton574 Kulas532,F,GENERAL PRACTICE,169 LIBERTY ST,MIDDLETON,MA,019491003,42.615226050000004,-71.0144865346162,302,0
aea3f2f0-427c-3253-8c29-acabc7269612,18df2721-3f76-3f83-94d5-63597cedd298,Gail741 Romaguera67,M,GENERAL PRACTICE,909 SUMNER ST,STOUGHTON,MA,020723396,42.1005097,-71.0830269025407,1805,0
312af447-cc76-3ad3-9b80-8062fa0d39c7,46a09a29-4bda-3572-89dd-5def154669ed,Julian715 Kiehn525,M,GENERAL PRACTICE,4901 N MAIN ST,FALL RIVER,MA,027202080,41.758923100000004,-71.11356439219409,4,0
17fda55a-9103-3856-9b58-76901a33cde2,b1965e0b-9ef4-3e96-bad6-cb88ea7e7324,Jerrell6 Breitenberg711,M,GENERAL PRACTICE,1 HOSPITAL RD,OAK BLUFFS,MA,025571406,41.46063105,-70.57989080295974,71,0
9bb79c44-97cf-30f6-b42d-5b76a8b4f1c0,38508743-50d1-3429-8fe2-37e42ddaf20e,Marth98 Mayer370,F,GENERAL PRACTICE,164 HIGH ST,GREENFIELD,MA,013012778,42.595268700000005,-72.59288632376354,2385,0
99f3f964-6185-3b4d-a6fc-6fe7de9afc45,2f735290-1603-31b5-b561-7c8e0d413170,Amado512 Adams676,M,GENERAL PRACTICE,100 FOXBOROUGH BLVD STE 230,FOXBOROUGH,MA,020352878,42.041851949999995,-71.23486657070565,121,0
215db1bb-5673-3047-ad97-397b4ce9a2ef,6b2e5b97-70f6-3219-8c99-86de138e6808,Tomeka87 Rutherford999,F,GENERAL PRACTICE,123 SUMMER ST,WORCESTER,MA,01608,42.26496835,-71.79655403681465,50,0
8673197f-4b1d-3d0c-a187-d7b89841e31f,27bf2e46-7445-35e7-9106-3ce1b074db47,Kathryn101 Donnelly343,F,GENERAL PRACTICE,80 BOSTON RD,NORTH BILLERICA,MA,018621034,42.5871093,-71.2948553,11,0
06d53e7f-ca9d-33e8-9295-2860242af1b1,e1818b21-4458-3b9c-b2b8-7ed6f57ae078,Tamisha203 Wilderman619,F,GENERAL PRACTICE,2399 BOSTON ROAD,WILBRAHAM,MA,010951185,42.14668485,-72.45048427046072,200,0
5770f989-7bd3-397f-baa4-989b18adb5a6,970993ce-f590-3150-9733-0e02c569b87f,Anthony633 Wilderman619,F,GENERAL PRACTICE,150 YORK ST,STOUGHTON,MA,020721829,42.144646800000004,-71.09875876961266,5,0
5e973522-4db1-3e1d-92ce-0f845d9abd98,f3238779-4ca7-309e-ba0b-c6cce084ccaf,Jacobo456 Tejeda887,M,GENERAL PRACTICE,356 MAIN ST,HAVERHILL,MA,018304008,42.7828744,-71.07777605304592,17,0
d2cb9ced-b12e-350b-9cc4-269d9d68f0a2,328f813e-4de8-3ec2-a113-43f3ddfb0b2a,Mateo562 García15,M,GENERAL PRACTICE,30-40 WESTPARK STREET,BROCKTON,MA,023015241,42.0834335,-71.0183787,788,0
dde01e4c-f37e-3173-b11a-1ea64eaf04fe,8d110f42-6f75-3751-b0c5-b45ab08333a1,Shonna561 Feest103,F,GENERAL PRACTICE,88 WASHINGTON ST,TAUNTON,MA,027802465,41.9062805,-71.09518121351795,440,0
7712527d-f5ee-3fdc-a17d-de69d37fc804,200746fc-5d0f-3ec7-a2a9-3d9a219ee139,Arlen68 Rippin620,M,GENERAL PRACTICE,800 CUMMINGS PARK  SUITE 3100,WOBURN,MA,018016355,42.4977745,-71.1237712,34,0
0ec1655e-8a11-3bc7-9dd0-4bfa11962ee6,d6600c68-8a26-3a88-86e2-99517365c10a,Jerald662 Wolf938,M,GENERAL PRACTICE,175 Elm Street,New Bedford,MA,02740,41.635937,-70.92991,100,0
366d7a5b-dbf5-3476-a0f8-904f0ccd94c0,954e01a8-3b27-314e-9c77-254f1ac9c917,Danial835 Lehner980,M,GENERAL PRACTICE,116 Long Pond Road,Plymouth,MA,02360,41.924313,-70.656654,654,0
21fa7d6b-13a9-3a4d-87c2-fafe1476dbac,dd3307db-114c-3f11-be44-a9eef6bb3fc5,Francis500 Ratke343,M,GENERAL PRACTICE,269 UNION STREET,LYNN,MA,019011201,42.4652772,-70.94362420273097,577,0
83207e34-66f1-3dc3-b330-77457db8e887,810c33cd-83fe-36e9-8fe6-ef78eb2c6fb9,Brenton674 Hackett68,M,GENERAL PRACTICE,3 VISION DR,NATICK,MA,017602059,42.3026972,-71.35370110550767,2,0
0a161471-0fe3-3868-baf8-ca608bcde87e,36d96ba1-1b43-3fda-b4b0-84205d5b3a16,Nickie321 O'Conner199,F,GENERAL PRACTICE,10 BELLAMY ST,BRIGHTON,MA,021351502,42.354847649999996,-71.16853348093532,8,0
06bbacd3-e238-3a52-a673-0d0d448a4215,1d87bbfa-19aa-3128-adca-420ff8d5a12a,Junior695 Pacocha935,M,GENERAL PRACTICE,771 CHURCH ST,NORTH ADAMS,MA,012474109,42.680927100000005,-73.09950699822534,123,0
ebedd358-b65f-3ade-bed9-3d4b06487a41,f2068cee-c75c-321d-9b2c-c33535db89c9,Charles364 Prosacco716,F,GENERAL PRACTICE,32 BOSSI AVE,RANDOLPH,MA,023682002,42.20017865,-71.0582074,448,0
b54ba16f-a05b-3f24-9126-162ab029bd62,66505876-04a4-3f6e-9aa8-7232ee43ab76,Iola859 Rodriguez71,F,GENERAL PRACTICE,548 ELM STREET,NORTHAMPTON,MA,010602832,42.327755,-72.657308,7,0
0fa103b0-33d2-3bc4-ae5f-b42d6050f477,ab7d1a51-1c58-37f8-94fc-e5d55eae38c1,Alfreda3 Walsh511,F,GENERAL PRACTICE,101 AMESBURY ST,LAWRENCE,MA,018401311,42.70904,-71.16393,134,0
3a82d045-3e31-3460-b389-f267379ff91f,9285ca02-6788-3ae1-b1b7-3b313abbfea1,Hilary419 Dach178,F,GENERAL PRACTICE,59 COOLIDGE HILL RD,WATERTOWN,MA,024722816,42.36721805,-71.1528107445055,7,0
33ac4495-462a-324f-a439-a50590612598,9b1f8cd0-2246-3f4f-82df-23ea314c7665,Claudio955 Bruen238,M,GENERAL PRACTICE,800 ESSEX ST,LAWRENCE,MA,018414617,42.70162725,-71.1755487945157,11,0
4f3ffcd9-9c56-35bb-933d-fddb12cb556d,357e489c-304e-3495-8354-62e85b5896b5,Lourdes258 Alva958,F,GENERAL PRACTICE,75 HERRICK ST,BEVERLY,MA,019155900,42.56305785,-70.87604053437136,135,0
eb00fee5-5adb-3c59-97ee-51fdaae15502,15d4c950-4691-3996-b4c4-bf06bfb58ff7,Azucena377 Crona259,F,GENERAL PRACTICE,70 EAST ST,METHUEN,MA,018445883,42.7285558,-71.16833738237946,5137,0
df3d5560-2976-3b36-a6cf-cf69ff5cc102,655f2a4f-419c-39d3-8ed6-6c4117eb7e32,Gerardo48 Herzog843,M,GENERAL PRACTICE,21 MAIN ST,NORTH READING,MA,018641326,42.566971949999996,-71.10799861135133,214,0
0ba524e0-cf30-356a-9139-cc0e15794705,5018c664-e283-30eb-932a-529d9a19b3b5,Numbers230 Stehr398,M,GENERAL PRACTICE,300 SOUTH ST,WOBURN,MA,018014979,42.473347,-71.144086,1344,0
3c41bce8-cd45-3cea-8378-4eb9ea1e91b9,2e8b42f8-4300-30a9-a576-d513d1021a0a,Chris95 Haag279,M,GENERAL PRACTICE,600 CLARK RD,TEWKSBURY,MA,018761699,42.63120935,-71.27023603178071,1434,0
b0ad56b8-9b7c-318d-b7df-b916a50347ad,0caa0116-ef9a-3d4c-bcff-9c405a9d2bda,Yasmin241 Emard19,F,GENERAL PRACTICE,105 CHESTNUT ST STE 35,PLYMOUTH,MA,023604054,41.884685,-70.847219,518,0
364fdac0-cd21-3cf2-a067-6895cc97c95c,5ba77f2c-8ce5-3dde-bb46-3ffcceb3bfbf,Cedric746 Quitzon246,M,GENERAL PRACTICE,188 FLORENCE ST,CHESTNUT HILL,MA,024672641,42.31835025,-71.17401686317635,4,0
0fa519f3-59ce-3217-a680-4c742cc7938c,4ff3563e-f909-3a06-902d-26c28d9d5355,Kirk871 Cormier289,M,GENERAL PRACTICE,876 FALMOUTH RD,HYANNIS,MA,026012322,41.6619029,-70.31909857281401,7,0
df373642-f9e7-3a6c-ab5a-8633b4405c09,847ba43f-362d-3325-a095-93eb95d9dd90,Anton902 Bayer639,M,GENERAL PRACTICE,60 E SILVER ST,WESTFIELD,MA,010854434,42.1147598,-72.73956114707532,2,0
fa4b91d3-3335-37a3-9f39-c5e193dc8f0b,d140ed3f-2696-3e78-bd77-1c959ec4fc4d,Orpha286 Marks830,F,GENERAL PRACTICE,863 HATHAWAY ROAD,NEW BEDFORD,MA,027401916,41.6512968,-70.9669902070805,331,0
290821ab-8e9a-3609-bb85-32a7aab37058,1cff30ba-b91f-3ea2-b80b-770d67856358,Duncan491 Halvorson124,M,GENERAL PRACTICE,359 JONES RD,FALMOUTH,MA,025403341,41.5591273,-70.60352436630029,154,0
8dcc9a36-3f5d-3c97-ac44-c7456e4c5844,d4e48a16-0a60-3e90-81e5-c35b22ffe6af,Bertram873 Kutch271,M,GENERAL PRACTICE,856 STATE RD,NORTH ADAMS,MA,012473027,42.69967208677275,-73.16330754755236,423,0
3add5bdb-5916-3f61-8f5a-2dd41b330317,a609d72c-6c90-3703-8500-02b8c9c0f6dc,Megan108 Dickens475,F,GENERAL PRACTICE,1000 NORTH ST,PITTSFIELD,MA,012011520,42.4680348,-73.24334506233173,2,0
e8188bbf-5a0e-326b-82b0-21b107cceead,4ff8b164-4cf5-3ab4-b0f2-7ce8fda920e5,Latrisha74 Mante251,F,GENERAL PRACTICE,800 WASHINGTON ST,WORCESTER,MA,016550002,42.180483,-71.867782,467,0
d4c78dc7-4f9f-3a60-8884-881b3a5561b6,f7171d7c-0d92-33cf-98dc-abd628d79750,Malissa448 Schmidt332,F,GENERAL PRACTICE,431 POND ST,JAMAICA PLAIN,MA,021303402,42.310128500000005,-71.1321602569144,1,0
d1d542f2-88c7-30ff-833a-5537e34c57ff,6f95a7a4-3343-3d14-b8b5-35d1e3247551,Denis399 Bailey598,M,GENERAL PRACTICE,254 BILLERICA RD,CHELMSFORD,MA,018244114,42.5969934,-71.3233653623669,4,0
f6414dd4-78c1-3d93-ab63-18baee3e9b25,39c15c0f-5c49-311e-99d2-1fb99d80e06e,Nancie476 Homenick806,F,GENERAL PRACTICE,398 NEPONSET AVE,DORCHESTER,MA,021223134,42.286764399999996,-71.04402811508834,323,0
8cbb6081-2d78-3555-ba4c-1a1a2a6f66a9,c3e56d13-ebb5-3d4d-908f-3f2a6a4de7aa,Willette878 Reynolds644,F,GENERAL PRACTICE,233 MIDDLE ST,BRAINTREE,MA,021844840,42.2180597,-70.9924896,1,0
abcbc418-5c20-35a5-a953-b9efb0311ae4,e39e92a8-2fde-314a-8fb1-8551218f03d9,Reinaldo138 Runolfsdottir785,M,GENERAL PRACTICE,60 EAST ST,METHUEN,MA,018444547,42.7265686,-71.16640139527428,187,0
9427a334-f72e-31e1-b270-ae28114a16a7,8f22037a-070f-3fcf-8f39-fa879f0ae107,Albert312 Hermann103,M,GENERAL PRACTICE,567 DARTMOUTH ST,S DARTMOUTH,MA,027481826,41.61112,-70.93937914285715,6,0
8cfa541f-bb40-309e-aa7b-a0452a791760,bccd7d67-203c-3d93-b6b0-bff5a146cd1d,Lorenzo669 Araña824,M,GENERAL PRACTICE,286 WASHINGTON ST,STOUGHTON,MA,020721763,42.1384306,-71.1022598,1131,0
9aef001a-e4b4-3ca2-b47e-03b18cc0208a,07baae96-3d74-3c69-a845-dad7b792eb52,Sheryl275 Brekke496,F,GENERAL PRACTICE,42 ASBURY ST,SOUTH HAMILTON,MA,019821808,42.61322825,-70.87300675048934,26,0
f9cb5cca-de3f-3e9e-ae35-eabb43a3cb56,63cb4d95-04a9-3a35-b5d9-f89e0377a48d,Thanh759 Weber641,M,GENERAL PRACTICE,211 PARK ST,ATTLEBORO,MA,027033143,41.9419187,-71.2752081695297,1066,0
1e93c732-17d3-3e0e-9ced-65e69d65c458,13f83225-b984-345a-a353-11237d5aadfb,Mitchell808 Schroeder447,M,GENERAL PRACTICE,450 W RIVER ST,ORANGE,MA,013641408,42.5928702,-72.32953998953418,160,0
9479cdcd-77a6-3335-9bdc-db1910c0cf9c,45e64170-207e-3786-b970-76fca7a5691b,Myron933 Hilpert278,M,GENERAL PRACTICE,50 INDIAN NECK RD,WAREHAM,MA,025712174,41.7539753,-70.69890130810117,6,0
ed70da68-9993-3f3a-a43a-7abe3e578a4c,6e290541-eba3-37fc-a3e2-e58f77e84c7e,Christeen33 Toy286,F,GENERAL PRACTICE,15 LENOX ST.,SPRINGFIELD,MA,011083122,42.085779,-72.55846414285715,354,0
7c1f4a1a-74a1-33ae-8b07-17deb68b0a64,263d1b03-1560-3fc3-b93d-c33a0cbd5837,Víctor493 Zambrano764,M,GENERAL PRACTICE,10 RIVERSIDE DRIVE  STE 201,LAKEVILLE,MA,023471689,41.8771119,-70.92344635,58,0
a46246f9-acfd-33bf-b85b-3986fcbc3b62,32741060-a632-36de-907b-3c21caacf07a,Eliana466 Wehner319,F,GENERAL PRACTICE,455 BRAYTON AVE,SOMERSET,MA,027262642,41.7294555,-71.16190171707717,2,0
0ef385bf-76c1-3e4d-97ae-0623d9d9b5de,4e880cb9-1ca0-3582-b8cf-8a59b0d2b878,Haywood675 Bednar518,M,GENERAL PRACTICE,51 S CHURCH ST,PITTSFIELD,MA,012016178,42.44648205,-73.25863241543368,446,0
86af92a1-f5ce-3b43-8605-0c03ffe920f4,432821fe-58ed-33eb-823c-b4447a52c7e9,Ignacio928 O'Keefe54,M,GENERAL PRACTICE,1071 VARNUM AVE,LOWELL,MA,018541131,42.64497212195122,-71.36843231707317,2,0
7fa49ea2-52c1-3efa-9101-b0390156e39f,a2a41caf-758f-3962-8e5f-e6e603f93d17,Rhett759 Padberg411,M,GENERAL PRACTICE,111 HUNTOON MEMORIAL HWY,ROCHDALE,MA,015421305,42.2020225,-71.89891616754682,2876,0
f43b40f0-f350-31ff-88bc-e917f53cdc5e,ca62a361-9c79-32d1-92cc-ffc0d5d19679,Benedict104 Barrows492,M,GENERAL PRACTICE,19 HENRY ST,SHARON,MA,020671714,42.109147300000004,-71.20768205338297,227,0
eaebd2cb-88f3-3f03-aec0-a10404612b57,0d24cc89-3256-330c-b36d-d8de8babef84,Will178 Bernhard322,M,GENERAL PRACTICE,1030 FALMOUTH RD,SOUTH YARMOUTH,MA,026641218,41.6667779,-70.1847414,539,0
b9a2c12d-0315-3c89-9083-931aaf674a71,8ae6a210-708f-3b23-b7d3-ac7948abd2b0,Khalilah870 Dare640,F,GENERAL PRACTICE,631 LINCOLN ST,WORCESTER,MA,016052010,42.2975664,-71.76536802164628,34,0
ae545745-75ad-3cb5-8745-20369adc61fd,ce5a2589-44ba-3e2f-ac0d-76c482da6091,Kevin729 Moore224,M,GENERAL PRACTICE,178 LOWELL STREET,LEXINGTON,MA,024202719,42.438544300000004,-71.19310317632329,2,0
510da2cf-1c20-33e6-9371-af59cbfd7f5f,db28cc9a-fdfb-35a6-aef7-ab9b933ef244,Clement78 Gleason633,M,GENERAL PRACTICE,8 DANA STREET,CAMBRIDGE,MA,021385402,42.3694992,-71.11011030010101,237,0
42110221-b6e2-3bf7-96fd-591a655082b1,b7bec03f-a254-3059-b3f7-616d9a70d26f,Telma919 Powlowski563,F,GENERAL PRACTICE,751 SCHOOL ST,WEBSTER,MA,015702924,42.036747500000004,-71.88077470887096,1,0
24020e66-9667-368a-9d04-126803aea3c7,19a65317-5d32-355e-8f82-88933d48366d,Carl856 King743,F,GENERAL PRACTICE,5 PRECINCT ST,LAKEVILLE,MA,023471468,41.8455651,-70.95195924208448,189,0
e9b1121a-00fe-37a7-a573-23a6cb11bbe0,844a8cb2-4164-35b2-88b8-dffa2889a738,Alonzo487 Conn188,M,GENERAL PRACTICE,150 UNIVERSITY DRIVE,AMHERST,MA,010022232,42.368937,-72.53247107203978,125,0
33dcb8c6-794c-3343-8e16-d72252371051,5cd349bd-0515-3d84-b531-b9a07b4577f4,Benny518 Fahey393,M,GENERAL PRACTICE,1748 HIGHLAND AVE,FALL RIVER,MA,027204305,41.727794450000005,-71.13606963451934,4,0
e4981939-d74e-3776-bb5e-f852c9ff355f,ee6705d5-db4a-3120-bbe1-1e72972a841f,Erick204 Huel628,M,GENERAL PRACTICE,101 JACKSON ST,LOWELL,MA,018522103,42.64221447368421,-71.31029421052632,228,0
c9f7ba8e-267b-3616-a81b-3e9e2e64a5ce,bfb9ab7d-7b8a-36c9-ac27-d210a6f6f412,Neal874 Bechtelar572,M,GENERAL PRACTICE,8 LEWIS POINT ROAD,BUZZARDS BAY,MA,025325613,41.745383,-70.618087,3,0
150071d8-fd9b-3e0c-b4be-42ee9b5ea685,a6fb79e7-4abb-3a68-b62d-e501427fdca4,Ricky354 Renner328,M,GENERAL PRACTICE,489 WASHINGTON ST STE 202,AUBURN,MA,015015709,42.187836,-71.83104,504,0
5a0141d4-27f7-3530-9337-ee53591f3b9d,52e42aa3-27fb-3298-a3ae-25529dfe6347,Ambrose149 Mills423,M,GENERAL PRACTICE,85 BEAUMONT DR,NORTHBRIDGE,MA,015341093,42.15719035,-71.6521339767302,2,0
343f5fe4-9629-3a4d-ad66-95b727cfc9c0,756ed90d-15f4-377d-b99f-ca1de5633481,Cathleen724 Runte676,F,GENERAL PRACTICE,115 HOLLISTON ST,MEDWAY,MA,020531954,42.158983899999996,-71.41067830029175,1,0
7aebf8f1-c769-346c-b967-6d106c7c1c52,b92c875d-5390-3cc7-9cc5-67ade724daf3,Deon400 Hansen121,F,GENERAL PRACTICE,65 COOPER ST,AGAWAM,MA,010010325,42.07895845,-72.62045515660407,2,0
ee1f71fb-aff9-3cea-a279-42934c3aba89,5117bb89-3a9f-3740-a0f1-c3a1a8d7851e,Rashad361 Predovic534,M,GENERAL PRACTICE,20 ELM ST,PITTSFIELD,MA,012016502,42.4458896,-73.2448206979669,170,0
76a2b149-828f-3a08-8e43-9f3df0723d2c,4e3c60e6-dbed-32c3-9b03-767d7fbc82b0,Gordon377 Lind531,M,GENERAL PRACTICE,222 RIVER RD,LEEDS,MA,010539783,42.364084399999996,-72.70745188531934,11,0
79ce873e-4136-39d3-b84c-b8e267815788,c976236d-9c9e-325c-ace2-d000b584f709,Lucio648 Botsford977,M,GENERAL PRACTICE,599 CANAL ST,LAWRENCE,MA,018401244,42.70354794949495,-71.1661647979798,42,0
5cb5b707-6b5e-3fdd-8609-195d4ac587fc,fcad54de-c1cb-3039-8e22-1d2d28134044,Cleveland582 Lesch175,M,GENERAL PRACTICE,70 EAST ST,METHUEN,MA,018444597,42.7285558,-71.16833738237946,28,0
a40c8a18-5132-37f4-8226-dce5d7f2eab2,9d0e702d-50a0-3f4c-9126-0951d560fd4b,Hellen346 Roberts511,F,GENERAL PRACTICE,189 MAY ST,WORCESTER,MA,016024339,42.25986305,-71.83597786023279,1787,0
6c0999a9-4291-354d-9056-9b949199ef9e,f0e3e152-0b08-3819-b962-b043f63f6dc1,Kirby843 Rippin620,M,GENERAL PRACTICE,1010 VARNUM AVENUE,LOWELL,MA,018541915,42.6422606,-71.36626685573418,30,0
228ae5ed-9d88-3614-aebc-063100cd0c51,c656d426-a307-372e-85f4-add29b4f178b,Quincy153 Larkin917,M,GENERAL PRACTICE,174 ARMISTICE BLVD STE A,FALL RIVER,MA,027212367,41.7010642,-71.1546367,30,0
d3f75818-b8bf-372c-bf98-ed19a0a05a22,81b1ef2b-8d3c-3923-859d-ae56099e037a,Maryrose226 Bradtke547,F,GENERAL PRACTICE,19 VARNUM STREET,LOWELL,MA,018502132,42.6520846,-71.29979019978185,4,0
c3c15186-c409-33c7-84b9-aa96577a1b0d,2fa36ef4-0a5b-358e-b76f-f4ada6c48e8b,Donn979 Lindgren255,M,GENERAL PRACTICE,90 ROUTE 6A,SANDWICH,MA,025635301,41.76404705,-70.50066669296109,100,0
47b0cc30-67fa-3338-b811-92b646525298,ea8d287f-b3a9-3800-8798-788e334ee406,Shirly501 Kuphal363,F,GENERAL PRACTICE,81 HIGHLAND AVE,SWAMPSCOTT,MA,019072928,42.4699241,-70.9171507,2369,0
ba6aa45e-3825-386f-ba28-89f04be99c23,c7542447-e06e-32cb-b6db-243c23a0dbc2,Chantell995 Krajcik437,F,GENERAL PRACTICE,30 WARREN ST,BOSTON,MA,021353602,42.3501483,-71.14393324457691,2755,0
be2c591c-59fb-3b5a-95df-b08eb7385822,d9fe2c9c-135e-3da3-8de8-1a0ff165d886,Eldridge510 Marquardt819,M,GENERAL PRACTICE,1430 MAIN ST,WORCESTER,MA,016091121,42.2492003,-71.92931780325071,564,0
c2ce9e5c-e53e-37c2-855d-45d582a782da,50c47685-8125-3c50-8311-8bd7ba9e9108,Beth967 McKenzie376,F,GENERAL PRACTICE,4199 WASHINGTON ST,ROSLINDALE,MA,021311733,42.2871447,-71.1277526,401,0
1295751e-8d7b-339e-b181-3154e3f717da,8bf5325a-c11b-35c4-b07d-17a5aeba8353,Penni796 Okuneva707,F,GENERAL PRACTICE,815 WORCESTER STREET,SPRINGFIELD,MA,011511001,42.1018764,-72.5886727,179,0
bf469ec3-1c4d-358e-b9ba-ead51ad299e4,6dafa732-cdaa-37ab-a33c-b14878e841d7,September423 Howe413,F,GENERAL PRACTICE,400 BROOKSBY VILLAGE DRIVE,PEABODY,MA,019601488,42.55186794282506,-70.97276672693852,6,0
54a04443-5615-372d-8aa2-db67a2d0c6a4,87f3b181-1c52-3161-a15a-ea2d9a04b35f,Matha641 Gerhold939,F,GENERAL PRACTICE,565 TURNPIKE ST STE 71,NORTH ANDOVER,MA,018455936,42.664934200000005,-71.11635234067887,38,0
7efafc82-8d5a-30c0-b878-78dc7c673ec8,621bd7b5-3f4c-3555-8daa-f1216e352f33,Lashawnda573 Williamson769,F,GENERAL PRACTICE,34 AGASSIZ AVE,BELMONT,MA,024785023,42.38815185,-71.19406248191802,4,0
3bfc5d84-89a7-3509-a3a3-c48a417b9e8d,43e22208-dae0-3196-b30b-17b3c50679c2,Diego848 O'Kon634,M,GENERAL PRACTICE,147 PELHAM ST,METHUEN,MA,018442060,42.7288158,-71.20222773774655,230,0
f5015e95-fe97-3402-8861-dc3ce89c9616,0b2738b6-7911-3aa4-8b6e-7e1df7c14fe1,Kayleen757 Stokes453,F,GENERAL PRACTICE,888 N MAIN ST,BROCKTON,MA,023011668,42.1061239,-71.02807965450519,5,0
5a3e8fdd-6d1c-33c4-8b9c-48ff637d1288,46375470-1e20-3ddc-8dc5-010ba53826b6,Clara183 Reynolds644,F,GENERAL PRACTICE,40 WRIGHT ST,PALMER,MA,010691138,42.16934095,-72.34120457065711,1076,0
5d46f419-ec1e-3237-94bf-ac57d4b053f8,9d2a1656-0f4d-30d1-bc63-eb365a05529c,Lorene243 Ward668,F,GENERAL PRACTICE,235 N PEARL ST,BROCKTON,MA,023011794,42.09805395,-71.0609587194362,702,0
4c62c587-78ca-3539-914d-18df5b4bcad0,aba3e6f6-4562-342e-b90f-dd61b117f394,Norbert530 White193,M,GENERAL PRACTICE,438 CHESTNUT STREET,SPRINGFIELD,MA,011072008,42.11291091861002,-72.59692685125127,382,0
b3c098d9-6acd-3365-9ef6-c152ed7be181,a4b91172-69e7-3895-bd89-b9a0868de5c2,Shanita956 Wolff180,F,GENERAL PRACTICE,651 ORCHARD ST,NEW BEDFORD,MA,027441052,41.6149879,-70.93113851963673,567,0
d22c5d09-1a3c-3701-ba94-fca2b34ec18e,47fb5a56-bee5-3ecd-9958-706b20831c82,Karey608 Torp761,F,GENERAL PRACTICE,600 CUMMINGS CENTER  SUITE 270X,WOBURN,MA,018016356,42.4792618,-71.1522766,30,0
fca39cd9-7431-324f-ae75-e78d15310e87,30547c24-6d41-3a9d-8a21-cc3606224d38,Aurore252 Farrell962,F,GENERAL PRACTICE,1200 BRUSH HILL ROAD,MILTON,MA,021862337,42.23073215,-71.122659913074,4,0
73f8bad3-7520-3e02-b54e-e03bea60ea57,72f50aa0-d8c9-34dc-ac58-c428323f3bcd,Ricky354 Little434,M,GENERAL PRACTICE,55 FRUIT ST,BOSTON,MA,021142696,42.36286045,-71.06875296664998,653,0
35ad222c-b652-3eb7-9cee-b3d3784486a8,9203d0d2-ca7d-3421-9361-974402ffb561,Tamera164 Shields502,F,GENERAL PRACTICE,58 OLD NORTH RD,WORTHINGTON,MA,010989708,42.414246,-72.93841842197347,206,0
352abd75-68b3-3e32-bb24-0bfcd2e05e38,1cd20733-c6b9-31f9-b7c7-0c9357fcb560,Danilo179 Kassulke119,M,GENERAL PRACTICE,40 WALNUT ST,WELLESLEY,MA,024812102,42.32553365,-71.25238403429299,8,0
9c127c4a-5427-36e5-bf0f-49c4f8687724,ca8a919a-05f9-3687-bfb6-42800a70031e,Josue598 Flatley871,M,GENERAL PRACTICE,6111 OAK TREE BLVD STE 301,FRAMINGHAM,MA,017014613,42.3095704,-71.4413097,361,0
2580cd7b-1c47-336c-81ec-fd75f58cd037,eee00932-ca82-36bc-b7e8-e3fff6dbaeaa,Verónica383 Gonzales379,F,GENERAL PRACTICE,450 BROOKLINE AVE,WEYMOUTH,MA,021893141,42.2212188,-70.9391625,2027,0
02a7f437-eeec-3dd6-8470-05d485eb9207,50c7f768-9138-3dae-a67d-953bdf9ad754,Evelia928 Bogisich202,F,GENERAL PRACTICE,125 COUNTY STREET,TAUNTON,MA,027803561,41.8960599,-71.07799243944345,108,0
51b675fb-e196-3e48-8c53-cb0943ea61eb,a194e94a-dd16-347e-95ea-8d00052c14d1,Elvera717 Gusikowski974,F,GENERAL PRACTICE,833 MAIN ST,S YARMOUTH,MA,026645254,41.65171785,-70.21464095380932,238,0
1bc29c65-5328-33ad-a70a-c7d451f2d2f6,be509ccb-bfb7-3b87-8945-8426b689ef9d,Man114 Balistreri607,M,GENERAL PRACTICE,2049 DORCHESTER AVENUE,BOSTON,MA,021244742,42.3554334,-71.060511,132,0
58b05685-deb3-36f9-af2f-bca4b17bf336,6f90eaad-abe3-3ce0-b9a6-2031c5674f0d,Gordon377 Wuckert783,M,GENERAL PRACTICE,800 TURNPIKE ST STE 300,NORTH ANDOVER,MA,018456156,42.66074825,-71.10724143845708,174,0
fd118c0a-da6f-3d5e-b3c3-8785e51031c6,c0719377-d40a-3e9c-9f7c-af47c93b3f40,Taisha184 Sawayn19,F,GENERAL PRACTICE,80 SUMMER ST STE 1,BOSTON,MA,021101218,42.35403315,-71.05809515865283,91,0
29a5fa62-b8d3-37b1-8578-ac945aabd246,1f9d5a6b-d2ea-3000-bb9d-b22c00ffbbb2,Daria61 Weber641,F,GENERAL PRACTICE,2033 MAIN ST,ATHOL,MA,013313535,42.58522105,-72.20868129339888,36,0
42dd86a2-35c2-31f8-9d11-090a21ca45b0,fe008000-0642-354b-9986-7396b3574f40,Cyrstal592 Price929,F,GENERAL PRACTICE,44 SOUTH ST,ROCKPORT,MA,019661800,42.653407900000005,-70.60498112267823,5,0
cb67ce38-f401-30ee-b626-10ace052fc21,52476935-b9e6-3dbc-a44d-47db68ee9977,Katrice671 Daugherty69,F,GENERAL PRACTICE,56 LIBERTY STREET,DANVERS,MA,019233361,42.563351999999995,-70.9210216494721,3,0
534e2cd4-7abc-39fa-a151-fd321445a917,f087b01f-da5c-3db6-bb6d-8a3cf3e630c5,Maurice742 Littel644,M,GENERAL PRACTICE,255 PARK AVE,WORCESTER,MA,016091989,42.26491135,-71.8185187,74,0
36c27b90-e715-334b-8014-d3a34cd4e6ee,065eba51-cef7-3976-8654-ba8e7df887ce,Traci329 Block661,F,GENERAL PRACTICE,1165 NORTH PLEASANT STREET,AMHERST,MA,01002,42.40927615,-72.52971238527101,59,0
16beff96-f21c-31e2-9d2f-40d00fc5b29e,a06b1a97-d6ce-3ea1-ba4a-2ef85a8114ab,Kyle55 Goyette777,M,GENERAL PRACTICE,400 GROTON ROAD,AYER,MA,014321171,42.57821195,-71.5733060441645,82,0
71aeb2c8-4d1e-342e-9e9f-9fab1c3c6727,73c7eaf8-f8b3-383f-b3e1-4d8ff5ca255d,Mauro926 Bartell116,M,GENERAL PRACTICE,161 FALMOUTH RD,MASHPEE,MA,026492662,41.6314877,-70.46769809885944,11,0
a6dfc678-5828-37ac-9ada-93ddcc42a941,1214636f-3c27-3011-a715-3191a36a2a85,Darell496 Ebert178,M,GENERAL PRACTICE,28 ESSEX ST,LYNN,MA,019021754,42.47493315,-70.9274241816419,4,0
e8cd6448-5093-3e4e-9d58-a50e5940285a,5573074b-edf7-31cd-a5f4-6e118c6f602d,Richelle340 Kshlerin58,F,GENERAL PRACTICE,825 WASHINGTON ST,NORWOOD,MA,020623449,42.18864775,-71.20380467780485,43,0
a7b92a66-1076-32c7-8529-eaa5d0c4f044,6873525f-1680-3ceb-b536-270d44b46e2e,Lai148 Nicolas769,F,GENERAL PRACTICE,500 COLUMBIA RD,DORCHESTER,MA,021252322,42.3147979,-71.067633,298,0
f9cf0654-ad87-3ed9-82b7-7aa1ed53bf75,6c7fe370-02c4-3537-8f5e-373b2168b933,Shon148 Swift555,M,GENERAL PRACTICE,60 HOSPITAL ROAD,LEOMINSTER,MA,014533791,42.54031915,-71.76312990486304,30,0
a368a6e3-8259-3333-a324-bb4fa0cd284d,9fbf3c5e-5f22-3b9f-9032-39d6de320874,Delois358 Langosh790,F,GENERAL PRACTICE,150 FLANDERS RD,WESTBOROUGH,MA,015811017,42.2770724,-71.5679154706427,16,0
56d799eb-984a-3165-973b-8d2fd79649d7,f8918a95-31e8-3ac4-8d12-29ca6080ebda,Domitila545 Vandervort697,F,GENERAL PRACTICE,199 REEDSDALE RD,MILTON,MA,021863926,42.251368299999996,-71.0768393856917,2205,0
01d3e8e3-89d5-3b8f-b06b-a909efa1a45d,bce5b907-584b-345d-bbcf-912cf56cb6c3,Katia630 Parisian75,F,GENERAL PRACTICE,11-15 SANDERSDALE ROAD,WORCESTER,MA,016032467,42.0667952,-72.0084995,411,0
45be5da4-6736-3906-ae22-2e30b372deca,9cec3b3c-fe3f-344e-b9c3-e414dafcd19f,Parthenia862 Dickens475,F,GENERAL PRACTICE,120 MAIN ST,MALDEN,MA,021486904,42.41918695,-71.06618960434116,11,0
23b2a45f-c8e9-3b01-a848-c5d0fadc9cd3,b829fbd7-fd77-3977-a441-91c2691d5653,Jorge Luis88 Brito172,M,GENERAL PRACTICE,380 SUMNER ST,STOUGHTON,MA,020723470,42.1141661,-71.08865040101732,2,0
f69f1f26-2179-360a-8cd0-d653f4160b6d,8d5880eb-1dd8-31ea-b7c5-21709f3bb341,Jared66 Satterfield305,M,GENERAL PRACTICE,50 ROWE ST,MELROSE,MA,021763201,42.4592093,-71.06078096379728,844,0
d216f452-ef72-3991-8e11-0a0770f84590,ca9ee1b8-abeb-3b62-a017-8839fbe10847,Mikel238 Miller503,M,GENERAL PRACTICE,172 LAWRENCE STREET,LAWRENCE,MA,018413849,42.7138132,-71.1639172,7,0
0f9c173e-295f-31c8-ab63-bb0786f13ed3,0ec04450-c150-322d-b2c3-1449d672a23c,Yolando662 Huels583,F,GENERAL PRACTICE,110 W SQUANTUM ST,NORTH QUINCY,MA,021712122,42.27259075,-71.03082765,70,0
12f4e3ad-903e-32ff-897e-07c09b24f8b0,fd650ebc-a642-3818-b073-692473cd31f1,Tobias236 Kris249,M,GENERAL PRACTICE,900 CUMMING CENTER,BEVERLY,MA,019156181,42.5584284,-70.8800491,133,0
7a72f25e-8e29-30bb-8275-19c6113d0b63,ed15e49b-cf32-3534-ab69-4ac95f445185,Marilu588 Caballero789,F,GENERAL PRACTICE,154 HUMPHREY ST STE 2,SWAMPSCOTT,MA,019072512,42.46782265510134,-70.91636048298452,34,0
4d09d40a-e4eb-3374-8d1b-73f8959e03e3,f99f149d-87f2-3900-b433-d2d87144e34e,Esteban536 Metz686,M,GENERAL PRACTICE,1 HOSPITAL RD,OAK BLUFFS,MA,025572747,41.46063105,-70.57989080295974,1,0
c6a598f1-d956-3297-9ec3-ff176289d2e4,3ff0f58b-7a1f-3334-9449-ff15f68b7d86,Winston220 McCullough561,M,GENERAL PRACTICE,275 SANDWICH ST,PLYMOUTH,MA,023607761,41.94186605,-70.6455366462985,2899,0
d5c8cf4f-013f-3bfd-9245-25862c80b1aa,70e3ad4f-b9ff-3f3e-9990-2cd7e23a9d1c,Tambra47 Bosco882,F,GENERAL PRACTICE,1238 RIVERDALE ST,WEST SPRINGFIELD,MA,010894675,42.1373438,-72.62624707492338,100,0
2fc85127-f32b-3a29-af96-51f85c6b27e9,dbe1e521-57da-3855-9aa0-aabadbd17e32,Joline447 Stark857,F,GENERAL PRACTICE,454 WASHINGTON ST,NORWELL,MA,020612050,42.1592792,-70.85480698781902,6,0
d39fc22f-a863-3f4a-a6d4-c77d0171a613,80458ace-5754-39b0-807a-1a5b119cb5bb,Carlene772 Nolan344,F,GENERAL PRACTICE,11 PONTIAC AVE,WEBSTER,MA,015701629,42.06282535,-71.87016198711046,1,0
9843c375-213f-3d68-9160-2d2c55e8d6ed,09434cf4-ae0d-32ad-bc16-5ce7b0e5c12b,Tomás404 Bonilla161,M,GENERAL PRACTICE,1041L Pearl St.,Brockton,MA,02301,42.055134,-71.06661,159,0
b7b4a952-ee08-32dd-987b-a0eaa86d8d57,171254da-957c-304a-b3fc-51a2d3ebee43,James276 Schmitt836,M,GENERAL PRACTICE,108 Merrimack St.,Haverhill,MA,01830,42.77449,-71.07901,449,0
91084713-fb3f-31fb-b294-c3e452a5026d,8ddbad9e-b5fc-3895-8a1c-17f32197a865,Barrie587 Nicolas769,F,GENERAL PRACTICE,1455 MAIN STREET,CHATHAM,MA,026332083,41.6827332,-69.98755685244114,48,0
9520b5e1-e94c-30fc-9629-dc7bf284c786,9cfdd210-a2ed-34d6-9381-2f5d999011ca,Warren653 Beier427,M,GENERAL PRACTICE,21 HIGHLAND AVE,NEWBURYPORT,MA,019503873,42.814341671166744,-70.88998002772408,52,0
2cc7132b-ba79-3949-96bc-6d3c0808ecc2,75846b1f-d0ec-3255-9bdd-d09eb0a9dd0d,Vanita165 Bartell116,F,GENERAL PRACTICE,575 BEECH ST,HOLYOKE,MA,010402296,42.20105435,-72.628169560868,92,0
8b107fe2-7bec-3ea3-825c-2c6a8daf901c,7e8bd0f2-2746-355e-92ef-9473818c58a2,Suanne858 Okuneva707,F,GENERAL PRACTICE,90 SUTTON STREET  SUITE 3-4,NORTH ANDOVER,MA,018451655,42.705281049999996,-71.13643624887442,40,0
4d888f22-f769-39a8-bc28-36d2ed332df1,dd280187-8662-3732-af81-595d10572911,Mertie42 Lakin515,F,GENERAL PRACTICE,4499 ACUSHNET AVE,NEW BEDFORD,MA,027454707,41.74026055,-70.9450945705336,3083,0
d251ac2b-e19c-3116-a997-8dc530a7a6e8,a6964d47-8af0-3df2-b99d-d8414eb1cfa3,Reggie481 Schiller186,M,GENERAL PRACTICE,200 MAY ST,SOUTH ATTLEBORO,MA,027035520,41.924394750000005,-71.36076410900014,5017,0
d448b4c1-8e8d-32e3-a7f5-9b5d6852dc7e,004554b4-3068-3938-832d-fa7cbe1cd1fb,Luba688 Littel644,F,GENERAL PRACTICE,25 STONEHAVEN DRIVE,WEYMOUTH,MA,021903951,42.1589443,-70.94970431672323,13,0
5b0f838c-8a3d-363f-9e5d-1be4912cfe44,e2a4a148-7e7e-3df4-aa79-1835caf7baea,Nada112 Grady603,F,GENERAL PRACTICE,472 MAIN ST,ACTON,MA,017205953,42.4861111,-71.4335468,28,0
65ac5201-e1e7-3bf6-8c6e-44dcc1265f27,dae3ee01-f383-366e-9ad6-dc92963064ea,Kristin64 Will178,F,GENERAL PRACTICE,1233 MAIN ST,HOLYOKE,MA,010405381,42.16578055,-72.63389634691956,1786,0
952b4316-2e62-3565-8eef-cadeec43d66d,a7b047dd-186a-32de-8187-b0853c05aed6,Melida518 Mayert710,F,GENERAL PRACTICE,180 LOW STREET,NEWBURYPORT,MA,019503519,42.815683050000004,-70.89666045994463,5,0
c021c9da-2b91-31dd-b425-80d6daa6631e,6d947ed4-9b7f-3720-8141-67109691d2e7,María Soledad68 Ceja441,F,GENERAL PRACTICE,73 Eagle Street,Pittsfield,MA,01201,42.451427,-73.25195,924,0
d7d5215f-1a6e-3fc1-9c00-b955f06cab49,2c708a72-2e25-36a1-8209-d2a708874eff,Kyoko885 Strosin214,F,GENERAL PRACTICE,1324 BELMONT STREET #202,BROCKTON,MA,023014435,42.057156895761736,-71.06994368825448,55,0
961360f6-4536-3f40-af52-a27851a79dc3,dac75bc1-cbfa-306b-9a0a-88d5edf3638d,Addie421 Ebert178,F,GENERAL PRACTICE,170 COREY ROAD,BRIGHTON,MA,021358244,42.3433093,-71.14003855124017,75,0
ac45b99d-8334-33a9-9448-db920beb3095,b7488009-cd48-3a0d-87c4-6c47d1ceb3c8,Raymundo71 Hayes766,M,GENERAL PRACTICE,95 COMMERCIAL STREET,BRAINTREE,MA,021844301,42.22110375,-70.97097247044559,6,0
180167ad-667b-3054-baff-b7b4885f68b6,371948e4-733a-33b6-a835-68abefdeb59f,Zachary28 Gleichner915,M,GENERAL PRACTICE,197 ADAMS RD,WILLIAMSTOWN,MA,012672930,42.704126099999996,-73.19043030392987,145,0
b3f4a857-458d-3625-9dc5-eb2720c3295f,744bdf85-6223-367c-b1ab-e8c8e0a5eb28,Waylon572 Hammes673,M,GENERAL PRACTICE,2 REEDSDALE RD,MILTON,MA,021863800,42.258080449999994,-71.08070895097364,71,0
c6ad2bcf-3900-39cc-ba9c-feaa7e63666f,b7b02632-03e1-330a-aa40-fdee22899633,Rob341 Cormier289,M,GENERAL PRACTICE,840 HARRISON AVE,ROXBURY,MA,021203432,42.3279605,-71.0830607,214,0
49e59613-3b09-3429-8d36-cdfd8e0c95d2,679a8e99-0f35-3eec-94ed-d8341e9fe33c,Maricruz991 Hahn503,F,GENERAL PRACTICE,140 WEBB STREET,WEYMOUTH,MA,021882736,42.22281125,-70.96226691624932,6,0
6b3dd782-b57f-3ad9-ad53-5d3f9c62e83a,c6907774-d9cd-3408-b554-08b135423b40,Judi176 Stokes453,F,GENERAL PRACTICE,642 BOSTON POST RD,SUDBURY,MA,017763302,42.36142375,-71.44123077142632,1,0
f1e17c90-d52f-3635-be37-86e39d3c0af1,089bceb2-0ecb-3650-95e9-e7260248b809,Donny470 Reynolds644,M,GENERAL PRACTICE,50 W MAIN ST,HOPKINTON,MA,017481672,42.22029125,-71.53814854921914,16,0
5d3758f4-68b2-3c89-9006-55504f3d22a8,63b4f233-fb49-3b1e-a17c-2d572367b131,Tanika746 Baumbach677,F,GENERAL PRACTICE,2222 CENTRE STREET,WEST ROXBURY,MA,021324034,42.27370345,-71.15856364656862,54,0
f0f6ef86-0615-3060-8fa0-2042ed74a8c8,9d283097-e706-3421-8b98-948b1fdadf30,Maryellen651 Jast432,F,GENERAL PRACTICE,42 PROSPECT AVE,WEST SPRINGFIELD,MA,010894510,42.157666846720865,-72.63485704670578,1,0
24e38023-99e1-3398-92fd-1506c9b38d54,f82ff162-c689-3682-876c-220cf96eb97b,Janey243 Schoen8,F,GENERAL PRACTICE,74 MAIN ST,FRAMINGHAM,MA,017022952,42.2976266,-71.42605348361442,186,0
1db441e2-44d9-314d-8441-cce5a1d948fe,9d989fcf-4ad9-3972-ada3-f275d967781e,Dominic463 Miller503,M,GENERAL PRACTICE,100 TER HEUN DR,SANDWICH,MA,025632377,41.7579043,-70.4968152,3003,0
a32ca6e6-1f74-3823-aac9-2dd6394e0398,92d919ab-8380-3fda-a5f1-838e69b819c1,Velda682 Gutmann970,F,GENERAL PRACTICE,300 TRADECENTER STE 4750,WOBURN,MA,018017420,42.4994143,-71.161659,24,0
7ab24168-bb11-345c-a45c-3aed818e7bdb,87472bc2-7c23-37cc-8355-7f3e88614b6b,Dean966 Kris249,M,GENERAL PRACTICE,305 MAPLE STREET,EAST LONGMEADOW,MA,010282765,42.059258494749486,-72.53388585052694,109,0
4492f07c-4055-3302-9311-905274005736,7a5f7ae1-8437-3f5e-b788-5c2ad57f0a0b,Millicent213 Mertz280,F,GENERAL PRACTICE,29 ORCHARD ST,SOUTHBRIDGE,MA,015504003,42.076356200000006,-72.04167805,86,0
b0ab0d23-ea62-3139-9349-44aff692b92d,b69bccdc-5ad3-3ded-a018-3cd8f369c9d2,María Cristina383 Alicea505,F,GENERAL PRACTICE,120 S MAIN STREET,CENTERVILLE,MA,026323246,41.649898300000004,-70.34309844876677,138,0
695d9d5b-281d-3900-b220-1db3d3b7ec1b,af3871c3-2098-3051-bcb7-8a919e194a16,Sherwood961 O'Conner199,M,GENERAL PRACTICE,97 LIBBEY PKWY,WEYMOUTH,MA,021893110,42.19322885,-70.94589987654936,157,0
28cae728-b488-3116-b3ef-1ce72d951cd0,542185c1-943a-30f4-aba0-0efaa92488a4,Luetta803 Rau926,F,GENERAL PRACTICE,142 LAKE ST,ARLINGTON,MA,024764738,42.40328885,-71.15140830652837,321,0
57b5247c-623c-3646-a175-d97badda42e7,de32e6d9-848e-35d4-a217-e62eb5e0bc7b,Elise948 Abbott774,F,GENERAL PRACTICE,77 HIGH ST,NEWBURYPORT,MA,019503071,42.8055312,-70.87001791778893,1,0
e7cb5fa8-75f2-3c14-b386-13529ca3e4a1,0319f6d9-60a3-36ac-9f26-b782d7997b1c,Maybell872 Quitzon246,F,GENERAL PRACTICE,22 MILL ST,ARLINGTON,MA,024764738,42.4177455,-71.1579688,49,0
29c8d7c0-851f-3494-afa6-b92cc1e12979,a2cc09de-c1e2-3126-8c09-d49f95225281,Cristi782 Leannon79,F,GENERAL PRACTICE,300 LONGWOOD AVE,WALTHAM,MA,024532741,42.3756401,-71.2358004,1011,0
f48b4ebd-749b-3c1e-9ee6-a252b595697a,9f2f60a6-87a4-3f45-b753-b63b5b7e9993,María Cristina383 Gamboa193,F,GENERAL PRACTICE,332 HANOVER STREET,BOSTON,MA,021131901,42.3647421,-71.0536619,770,0
cfeb475f-bba5-34eb-994d-35d6de9a9243,44cb1162-a345-3477-8723-c202a3c8cdcd,Shaquita282 Graham902,F,GENERAL PRACTICE,73 W MAIN ST,HOPKINTON,MA,017481619,42.21799145,-71.54005509979045,131,0
da4a1fb5-a20d-3ab2-9857-5fa878932d96,c5306a86-09a1-32d9-875a-67ef56e131c0,Maragret485 Gutkowski940,F,GENERAL PRACTICE,242 SUTTON ST,NORTH ANDOVER,MA,018451631,42.70773345,-71.1300651,59,0
d03efa2c-4276-3161-acbc-ab1d1902c74f,ab16be57-62ea-39a5-8f7a-ee1285cf6934,Ciara810 Gibson10,F,GENERAL PRACTICE,115 MILL ST,PETERSHAM,MA,013669503,42.4865962,-72.1893057,886,0
2f7925b3-2433-3a15-8396-984c5aa6fd99,f341c366-8313-3790-ab26-d8d27b116ff5,Odell776 Greenholt190,F,GENERAL PRACTICE,80 LINCOLN STREET,WALTHAM,MA,024535465,42.39322121170625,-71.24104146434591,271,0
e238d20b-4472-378a-831d-e00c5139950d,0d7ef8ee-4e45-3b40-9f2b-f558dce71574,Douglas31 Kuhlman484,M,GENERAL PRACTICE,200 BOYLSTON ST,CHESTNUT HILL,MA,024672008,42.318869649999996,-71.17524247213663,64,0
8830ea67-2845-3bff-ab2e-d550b0c57d03,1de1aeee-4088-391b-af7a-95d7cfaeaf32,Elayne206 Denesik803,F,GENERAL PRACTICE,57 PROSPECT ST,NANTUCKET,MA,025542799,41.27514065,-70.10108985970798,385,0
de612149-b56e-3d26-985c-e001e400a3e7,f312977e-8f41-3816-84cc-e5b12ba36955,Eldora89 Langosh790,F,GENERAL PRACTICE,1153 CENTRE ST,JAMAICA PLAIN,MA,021303446,42.3017598,-71.12855793387442,289,0
1ec84328-7392-30fa-838d-f27f343a8362,0519b293-2e92-3eb3-aeef-233da0babc93,Juan88 Friesen796,M,GENERAL PRACTICE,40 PARKHURST ROAD,CHELMSFORD,MA,018241511,42.6198215,-71.36189212971482,98,0
045c7f7a-568e-3c92-989f-bbfa9616d7a3,8fede172-e8ad-3a42-ba59-5d63b0fdc670,Elroy493 Stokes453,M,GENERAL PRACTICE,460 W MAIN ST,HYANNIS,MA,026013855,41.64987207007028,-70.31279933758786,1,0
3f5974f1-1e34-36f4-b7c6-8a60405339b5,5c896155-eb9a-383e-9162-a43ebb7f1cc5,Nannie905 Mayert710,F,GENERAL PRACTICE,400 LINDEN PONDS WAY,HINGHAM,MA,020433784,42.1972249,-70.91712645007524,59,0
8ef328d7-1af6-38bc-8a30-17f1b1db34fc,c5403c4f-14d5-3171-9227-a9b8327f3149,Tyler508 Ferry570,M,GENERAL PRACTICE,52 OLNEY RD,CHICOPEE,MA,010202103,42.1487691,-72.6071119,336,0
4a853e20-8b1a-35d1-a5bb-4b35de731af2,a730c5e6-a15f-3e36-8112-8579e507d330,Cristina921 Guajardo157,F,GENERAL PRACTICE,28 LORD RD,MARLBOROUGH,MA,017524549,42.34718040987546,-71.57283065352654,384,0
d2219775-c75e-3314-bb5f-b5ad1ecd3ebf,4ffc4e4b-9d8d-3c30-ad84-fc9a7209da94,Jorge Luis88 Lucero848,M,GENERAL PRACTICE,4525 ACUSHNET AVENUE,NEW BEDFORD,MA,027454727,41.74080975,-70.94731021257817,82,0
ba3b3dd4-38dc-35a4-a040-b8d48428320d,389323ef-b127-3a06-a22d-e24aef033e5d,Dina200 Streich926,F,GENERAL PRACTICE,200 PROVIDENCE HWY,DEDHAM,MA,020261881,42.22214545274341,-71.18159060546684,84,0
7b15cf45-1ff5-36a2-a906-e666cf2ed780,bebc1dac-6c42-3225-b0ba-23278cdf2a62,Antonia30 Hackett68,M,GENERAL PRACTICE,464 MAIN STREET,AGAWAM,MA,010011826,42.07695165,-72.62026217030348,67,0
8183ddfa-7eaa-3124-bc6c-375e81655a89,c7d9c6bb-b58e-3837-a78b-05ea645e65c8,Edwardo860 Larkin917,M,GENERAL PRACTICE,30 RIVERSIDE DR STE 203,LAKEVILLE,MA,023471482,41.8753235,-70.92035705583234,39,0
19c2ff6d-294e-30c7-b1b2-a5c4544acbbc,82248deb-13cc-31b2-8764-0233e159a93a,Mayte822 Ávalos396,F,GENERAL PRACTICE,19 DEPOT STREET,ADAMS,MA,012201856,42.623644600000006,-73.11852130252683,18,0
11a9dd52-dfeb-3b3e-a603-01fffa2fa9f6,ce1dbb93-6876-383b-ab64-66af8f139db7,Valeria950 Gerlach374,F,GENERAL PRACTICE,599 CANAL ST,LAWRENCE,MA,018401267,42.70354794949495,-71.1661647979798,54,0
5bac3b7b-d6b2-3b88-9279-650fbb13d691,5a6fa8a5-90e2-3f70-bb3e-3d9dd7ad2f96,Josue598 D'Amore443,M,GENERAL PRACTICE,44 NEW LOMBARD RD,CHICOPEE,MA,010204857,42.1678446,-72.54203576723424,9,0
1349abca-11db-36c0-b894-49d9b1118121,ce4d0501-49eb-396a-bc56-545fdfc624b0,Mauricio81 Daniel959,M,GENERAL PRACTICE,1 HOSPITAL RD,OAK BLUFFS,MA,025571406,41.46063105,-70.57989080295974,2423,0
ebc5810d-24f3-33de-8ab8-04c6486907a5,70e943de-a18b-3e03-a204-ecca2f01b6d1,Liliana922 Wolf938,F,GENERAL PRACTICE,76 NORTH MAIN STREET,WEST BOYLSTON,MA,015831130,42.393642299999996,-71.79207534741954,82,0
891b1797-f6a6-3450-abca-da8a2216daaf,e69e7cbb-8362-30d1-83f2-3a0c492fe2b1,Chris95 Kub800,F,GENERAL PRACTICE,110 LONG POND RD,PLYMOUTH,MA,023602642,41.9255829,-70.65514326847389,657,0
0348cad3-3f9a-371b-944f-dd37ceefed1d,1ef8d603-bec1-35f5-a830-2a0b919cf47f,Thresa531 Kutch271,F,GENERAL PRACTICE,1801 TURNPIKE STREET,NORTH ANDOVER,MA,018456322,42.6355548,-71.0761760490546,100,0
fc9a058f-9584-34f5-b191-c485787fdbae,154cc5db-4906-3411-8aa3-39902c6b3af2,Rodrigo242 Serrano248,M,GENERAL PRACTICE,12 VICTORIA LN,STONEHAM,MA,021802221,42.4916624,-71.10288588889674,120,0
bb7284ea-3839-316a-ac0c-16db70cf09fa,d13ac855-c068-3b57-8d65-fc3c90f32558,Mertie42 Orn563,F,GENERAL PRACTICE,383 SOUTH ORLEANS ROAD,BREWSTER,MA,026312870,41.738964949999996,-70.00124453922743,3,0
22cb3170-a504-3d99-890a-0748eede30c6,9e469108-97a0-350a-b6ba-be2a286b3dcc,David908 Mueller846,M,GENERAL PRACTICE,150 FLANDERS RD,WESTBOROUGH,MA,015811017,42.2770724,-71.5679154706427,199,0
89c18831-214c-33ed-9c77-67dd808cc211,afc661fd-71d9-3fc3-adf2-3fc3b5e8a140,Leontine92 Schmeler639,F,GENERAL PRACTICE,680 CENTRE ST,RAYNHAM,MA,02767,41.9487118,-71.0731008,1582,0
2117e693-e339-3c70-aba8-37f769d17bf7,06cc2462-430f-3322-9c87-7e971125f510,Bryon392 Mann644,M,GENERAL PRACTICE,133 OLD ROAD TO 9 ACRE COR,WESTFORD,MA,018863198,42.5792583,-71.4378411,2689,0
9b08dc94-7b22-3ed8-9611-0d304ca4ffab,0899da04-19b2-33b7-9d12-db40b0491c1b,Delorse592 Franecki195,F,GENERAL PRACTICE,780 ALBANY ST,BOSTON,MA,021182524,42.333645250000004,-71.07279114401811,72,0
2666950a-c517-3b39-94e9-d74e26a2fd4e,479427f6-9419-3eba-b2c2-b037b4b89493,Karlene380 O'Keefe54,F,GENERAL PRACTICE,180 GEORGE WASHINGTON BLVD,HULL,MA,020453069,42.2630377,-70.8606109,231,0
97ef2ff6-8e09-3225-b13d-c45ba584b9f5,98bf9e06-f827-310f-8022-35ee33686f76,Ilana185 Torp761,F,GENERAL PRACTICE,204 PROCTOR AVE,REVERE,MA,021514923,42.41420445,-71.0184707933218,2,0
808302e5-9b55-3d0c-b8aa-961dc6225c7e,0c6e2aac-bd59-351f-a144-b2a6855c50f8,Jamila16 Conroy74,F,GENERAL PRACTICE,319 CONCORD ROAD,WESTON,MA,024931310,42.3828732,-71.3206139,5,0
50c91a49-34e5-3d41-8ba4-d3d5bfe6a324,dd456e39-9f82-303b-9c3f-5db0e82a437e,Victor265 Conn188,F,GENERAL PRACTICE,26 QUEEN ST,WORCESTER,MA,016102473,42.25930925,-71.81494729825698,128,0
99306f6f-6568-39cf-8e7b-11b9b893a910,8e1aab52-fc16-3b51-ac7b-30379ebf5630,Maria750 Durgan499,M,GENERAL PRACTICE,168 INDUSTRIAL DR,NORTHAMPTON,MA,010602379,42.335726,-72.63284732269418,100,0
2c489356-bb50-3368-9349-06a9c952032c,759de184-595f-3131-ba20-6a412553496d,Lourdes258 Villalpando154,F,GENERAL PRACTICE,49 THOMAS PATTEN DR,RANDOLPH,MA,023683901,42.1594587,-71.06112167252701,13,0
2dd84a76-d6bc-36dd-85cc-5dbd01b8ab95,dfc0bac0-55a9-3f25-b0e3-78f9f586560c,Wade235 Windler79,M,GENERAL PRACTICE,444 STOCKBRIDGE ROAD,GREAT BARRINGTON,MA,012301295,42.22088152406833,-73.34280352682327,65,0
010659f8-9c49-3361-a7ca-412f0cd94e6f,db106514-f254-3402-b6a4-6d210c78c7e2,Kimbra238 Runolfsdottir785,F,GENERAL PRACTICE,211 FRANKLIN STREET,QUINCY,MA,021697833,42.23691085,-71.00237199954586,112,0
02ca90ae-18ed-3c8e-9cfc-d2241c7f6d13,ee7fab6f-6438-394f-b1f2-3e452f8f055a,Domonique463 Satterfield305,F,GENERAL PRACTICE,75 BRIMBAL AVENUE,BEVERLY,MA,019156009,42.570099299999995,-70.87108224250409,233,0
bfaaff0e-283e-3206-9180-e94ced64ecc3,79508e39-d0b0-3613-9d54-168f6e1c3a18,Lynwood354 Tromp100,M,GENERAL PRACTICE,200 GROTON ROAD,GROTON,MA,014502056,42.577352149999996,-71.57414587343038,1481,0
98df4e10-e42e-30bb-9fc6-40be645bb3f4,af570aee-a397-372c-8eba-5c2b18662b0f,Tyron580 Runolfsdottir785,M,GENERAL PRACTICE,800 W CUMMINGS PARK STE 2250,WOBURN,MA,018016372,42.4961562,-71.1258904921298,71,0
8ff9585a-ed61-3702-bc40-07a9ad24a603,e52b37d6-60d6-354d-90f9-6e9f9eb1d209,Ryan260 Kshlerin58,F,GENERAL PRACTICE,289 ELM ST,EVERETT,MA,021495228,42.4152341,-71.0348323,4,0
8cf20e9c-737c-35c8-93d3-e2f6faae6bf4,907b1d2f-2bf8-31b5-abc2-14d6b75faa96,Ellis535 Ernser583,M,GENERAL PRACTICE,340 MAPLE ST,MARLBOROUGH,MA,017523200,42.3358161,-71.54106510218209,352,0
fbe59771-082c-36da-a197-44c4ce79538f,1ce0d1a3-b507-3ad1-afc5-b25bfe48b8dc,Margarito178 Welch179,M,GENERAL PRACTICE,10 PEARL STREET,STOUGHTON,MA,020722364,42.125716800000006,-71.1025481568314,103,0
13bdd42a-77db-3745-98f8-bf24c44653fd,922d1031-d968-39c2-b73c-d5a495c39068,Carlena776 Steuber698,F,GENERAL PRACTICE,350 LINCOLN ST STE 1102,HINGHAM,MA,020432801,42.248735,-70.9209846,36,0
f94324f7-c38a-3191-b992-e3d6f16ef4d6,880fad59-9c38-3a21-a39f-ccc801502ab3,Rafael239 Guardado953,M,GENERAL PRACTICE,799 CONCORD AVENUE,CAMBRIDGE,MA,021381048,42.390849395521705,-71.1556550001627,94,0
4011d205-12dc-3fa8-98bd-e8eb9e01ba89,352f2e3b-0708-3eb4-9f7e-e73a685bf379,Gregg522 Willms744,M,GENERAL PRACTICE,157 UNION ST,SOUTHBOROUGH,MA,017721215,42.3056501,-71.5245087,1715,0
633fc7f8-3055-37d4-9ec1-6532bb5aabae,5b142cbe-a07c-3f6e-9780-a563644f66e2,Ross213 Wisozk929,M,GENERAL PRACTICE,73 Huttleton Ave.  Unit 2,Fairhaven,MA,02719,41.6318,-70.8801,82,0
765a01d6-95a7-368c-b09b-d5e664117f1d,34f7bdc0-0550-333e-a53f-5e2af5a6d4ec,Mable471 Kreiger457,F,GENERAL PRACTICE,212 S MEADOW RD UNIT 5C,PLYMOUTH,MA,023605450,41.9426657,-70.7618592,74,0
12335d5e-8a44-3c5a-93d0-7ec5266eb4b6,ef95a6b4-cf95-32c2-b6e5-0488faaa3ac4,Jacques50 Walter473,M,GENERAL PRACTICE,259 LOWELL ST,SOMERVILLE,MA,021442666,42.3922293,-71.1061564,26,0
8f0051fa-a814-3ced-b06a-8041bb88af56,e34d8448-8b98-3f91-9fe7-faeb8a78e1db,Jill895 Monahan736,F,GENERAL PRACTICE,NEW ENGLAND SINAI HOSPITAL,MILTON,MA,021862377,42.2501425,-71.065573,225,0
4d01553a-bbbf-3cf1-ba0e-f04a1497b87d,2164ee72-e9d8-312a-8bf4-a4abc55771b7,Shaniqua618 Ritchie586,F,GENERAL PRACTICE,84 CHAPIN ST,SOUTHBRIDGE,MA,015502408,42.073771750000006,-72.03709326666669,5,0
8457d240-29e3-3b93-b31c-6cdac377ecf9,a2d45ee8-b930-3169-b612-f602961ad212,Valentine262 Leannon79,M,GENERAL PRACTICE,37 MINUTEMAN WAY,SHREWSBURY,MA,015452229,42.288207,-71.73443816915585,1053,0
29a417a8-b801-3a97-a473-1f7661879a41,0fa1cab9-83c1-3c85-b7bc-53d8b922e2f7,Annita733 Frami345,F,GENERAL PRACTICE,115 LINCOLN STREET,WORCESTER,MA,016081216,42.2768165,-71.795274,559,0
74e8fc8b-6e1e-34d2-b486-e5ff61ab326f,817f4acb-0184-3146-9ce0-87197d8f115a,Maynard46 Buckridge80,M,GENERAL PRACTICE,30 NEWCROSSING RD STE 301,READING,MA,01867,42.51809619399502,-71.0959083715027,123,0
b571bd92-cca6-3b9a-a7c2-718be17f7a93,4887dc20-9ef6-3cc2-9c56-858388049a50,Renato359 Kertzmann286,M,GENERAL PRACTICE,168 WEST CENTRAL STREET,NATICK,MA,017604122,42.282113100000004,-71.37898579435048,125,0
3d75e7a1-c62d-37da-b892-6020f617629b,a767ef82-13a7-356f-8fb8-5e8869426bda,Chauncey770 Willms744,M,GENERAL PRACTICE,3 HARVEST CIR,LINCOLN,MA,017733213,42.44715,-71.319067,5,0
0b831a17-4529-3898-a2f0-2941069d27f3,a5a8c64c-b741-3c19-8855-495829f04524,Berta524 Barraza113,F,GENERAL PRACTICE,75 ADAMS ST,MILTON,MA,021863441,42.2694583,-71.06779265,25,0
4b16da1e-6240-3cf5-a63a-a9a0c794a79a,10ffe7b1-2f94-3f12-9288-679da05a1ec9,Brendan864 Hintz995,M,GENERAL PRACTICE,133 LITTLETON RD,WESTFORD,MA,01886,42.57056335,-71.41736646422413,481,0
d28dc6fc-4e2f-3929-975c-3b30a9f3acf5,4fa643ae-1f58-3c2e-9f33-0ba56345ad10,Trevor374 Williamson769,M,GENERAL PRACTICE,361 MAIN ST,WAREHAM,MA,025712153,41.761384899999996,-70.71911431737183,817,0
aaa8d30c-3575-342c-b734-b02eadf23b80,e98ef46c-e94c-34bc-9cf5-134d8ddcbac5,Patsy569 Olson653,F,GENERAL PRACTICE,10 EMORY ST,ATTLEBORO,MA,027033002,41.9447388,-71.27972821642685,6,0
956ca805-8cfd-3056-83fe-010d15312e02,fa34d205-5ac2-3ba2-80a4-bef345dc57f5,Lamar193 Daniel959,M,GENERAL PRACTICE,37 BROADWAY,ARLINGTON,MA,024745552,42.408086,-71.135914,17,0
286ad1a3-c4a2-3fbb-b573-25445c14aae5,a73a3693-57ac-367e-b29e-f0f834cbaf66,Silvia880 Duarte203,F,GENERAL PRACTICE,10 CORDAGE PARK CIR,PLYMOUTH,MA,023607318,41.9788991,-70.6879608,109,0
a7b238a7-d54d-3cdf-a1bf-c6f9c3030aa7,fdca6c7b-03d4-3dbe-a0d6-73ea9d295a7a,Geraldo282 Huel628,M,GENERAL PRACTICE,143 Munson Street,Greenfield,MA,01301,42.580627,-72.623634,519,0
63f7e435-49b4-3c03-864d-bafc36d412f6,e6d63525-40f0-3391-a58a-e6a03598911f,Arron144 Kassulke119,M,GENERAL PRACTICE,400 STANLEY ST,FALL RIVER,MA,027206009,41.7148511,-71.13527009152534,207,0
47515d9b-4b2e-394e-9f7b-d960ffc5ca54,fb4a08b8-57ee-382b-b3cb-43d94f1bb4c0,Theo630 Hammes673,F,GENERAL PRACTICE,1010 SOUTH MAIN STREET,FALL RIVER,MA,027242855,41.690775450000004,-71.16515282264554,371,0
62c6db75-5551-3290-80aa-997a0ec99dba,2b97893e-dc50-378b-a266-f089b8450329,Magdalena964 Torphy630,F,GENERAL PRACTICE,250 MOUNT VERNON ST,DORCHESTER,MA,021253120,42.3194571,-71.04610844302991,452,0
524d70ff-6f70-3d28-829a-d61554bd800f,d0894f6b-78d7-338d-82ad-b63de4d40014,Lynsey2 Lemke654,F,GENERAL PRACTICE,330 MOUNT AUBURN STREET,WALTHAM,MA,02452,42.3756401,-71.2358004,983,0
1b0cc869-b8e0-3752-ac2d-aadae5f83d39,5aad3f6f-3070-34f5-a25f-d9a9ee78c68c,Miguelina323 Senger904,F,GENERAL PRACTICE,62 CENTER ST,FAIRHAVEN,MA,027193823,41.63663425,-70.90101829397507,17,0
b95d3396-ce72-30bb-813d-3d08ec74c445,02661a4d-56da-3bfb-8ca0-0ecc77ba9fa6,Maria750 Koepp521,M,GENERAL PRACTICE,30 CAPITAL DR STE A,WEST SPRINGFIELD,MA,010891359,42.13809525,-72.62351832623938,4,0
44b387c4-4c39-3017-ad4f-6f228c5e6532,310d02fb-ba0c-3b5a-9ab3-8d7bb8e7b661,Lauren941 Farrell962,M,GENERAL PRACTICE,709 WASHINGTON STREET,CANTON,MA,02021,42.1561851,-71.1452049,122,0
2e6894fc-e6b7-398a-9c13-bfc976f45343,2513c728-9d3e-376d-aedd-0f00fde719b2,Rickey821 Smith67,M,GENERAL PRACTICE,55 WEST ST,WALPOLE,MA,020811837,42.1442924,-71.2579691,7,0
8e28f86b-1830-353e-9df9-500a5b8edb55,5d1b509e-a048-357f-807e-6b863006e337,Celestina960 Reichert620,F,GENERAL PRACTICE,65 WALNUT ST,WELLESLEY HILLS,MA,024812118,42.3213892,-71.2586343,121,0
e0e3d212-1d69-3c16-854e-394590ae7297,3d5fbf38-c781-3e04-8c7e-5a402611b7d4,Vito638 Barton704,M,GENERAL PRACTICE,260 ELM ST,SOMERVILLE,MA,021442951,42.3955992,-71.1227391,1577,0
3583129f-b716-3d21-a543-53f4cb451f34,d6b03647-983f-3162-af9e-b12aea026f13,Son314 MacGyver246,M,GENERAL PRACTICE,65 NEWBURYPORT TPKE,NEWBURY,MA,019501199,42.7891081,-70.87774011339009,245,0
2dacdcd6-71c2-3c14-a0c9-630af9c001bc,f43f97f2-af04-3ed0-a42e-3681718cc9b2,Jacques50 Quigley282,M,GENERAL PRACTICE,725 NORTH ST,PITTSFIELD,MA,012014109,42.4600752,-73.2492795834909,1244,0
210ce5e6-7fa3-31b9-b680-6418d2786697,fd5342f0-10c0-3f48-9c7e-7100a64db139,Marcela739 Puga7,F,GENERAL PRACTICE,30 PRINCETON BOULEVARD,LOWELL,MA,018512405,42.6353691,-71.3322833,56,0
b2d1b9ac-44b4-35ec-a2b4-e77a0b7ac3d8,e119dcbb-0c33-3ec1-bf97-5f477799e5cb,Lamont867 Kerluke267,M,GENERAL PRACTICE,312 MILLBURY AVENUE,MILLBURY,MA,015273622,42.22515325,-71.75735371350069,2,0
4b349c00-c3f9-3f9c-bc79-8751797defa4,03c5769d-b185-35ee-b563-9e651cff95bc,Delbert384 Rohan584,M,GENERAL PRACTICE,807 WILBRAHAM RD,SPRINGFIELD,MA,011092067,42.1108434,-72.5341133,3,0
759d3674-72d8-3e53-b36b-57d254eb9185,9ed61c49-1d0c-3774-b528-d75b50938fe2,Wilmer32 Stoltenberg489,M,GENERAL PRACTICE,110 West Squantum Street,Quincy,MA,02169,42.272617,-71.03133,1190,0
42da8790-536c-379a-a45c-cf59266fb9e5,7ac466c6-7968-33fd-882c-6d5418f88c8a,Valeri645 Hayes766,F,GENERAL PRACTICE,2 MEETING HOUSE RD,CHELMSFORD,MA,018242700,42.60140085,-71.35097894451894,592,0
fef61a9b-a128-3c1a-a332-f6ebbefcfcaa,2f67494e-f17e-3248-ba68-3ca42913cca1,Brock407 Bergstrom287,M,GENERAL PRACTICE,184 MAIN STREET,FAIRHAVEN,MA,027193259,41.646106,-70.90865208079187,181,0
fd70f71d-6685-3c26-b565-b31635d6cd16,0d19a52f-6f9b-32aa-9aad-6b7027cc668e,Indira327 Mills423,F,GENERAL PRACTICE,7 SANDISFIELD ROAD BOX 216,SANDISFIELD,MA,012559621,42.1131485,-73.1299243,12,0
e5923c94-43e4-3d0d-a641-9435e6f7d1e9,326bc5bc-8da8-3337-a76a-7d44202dae3d,Porsche32 Hermiston71,F,GENERAL PRACTICE,184 SWANTON ST,WINCHESTER,MA,018901921,42.4606573,-71.13806547771736,2,0
c39dbc82-ad43-3ce3-ad8f-d28a21e109d0,88975fd9-b47e-3af6-af78-c58e1ecf0d5e,Mónica985 Salazar800,F,GENERAL PRACTICE,115 W SILVER ST,WESTFIELD,MA,010853628,42.1178811,-72.75935246865802,231,0
58e21a0a-2672-3435-b444-97aaa082d2f1,15c0c270-968e-3651-8afe-e162149e5e3e,Vida128 Kohler843,F,GENERAL PRACTICE,10 George Street  Gateway Center,Lowell,MA,01852,42.642513,-71.3062,726,0
1e926840-f7d2-3195-ac0d-07fb20ea7e2d,46e66051-c061-3c31-b439-1d71df92db1c,Damion480 Denesik803,M,GENERAL PRACTICE,11 NORTH ST,STONEHAM,MA,021801040,42.50329135,-71.10023035268328,2,0
7eb3123a-12c5-331f-b33d-43e9d279c662,52efa2e5-007f-3396-a83a-28ca015f0595,Ranee391 Turner526,F,GENERAL PRACTICE,20 N PARK AVE STE 2200A,PLYMOUTH,MA,023604090,41.960434631488596,-70.67007876763536,127,0
a4c1b1e5-658c-3407-b073-2fd9d9e6d38c,1b91b604-2a45-3bc5-9b1e-139147c8024d,Maybelle917 Murphy561,F,GENERAL PRACTICE,333 FRONT ST,HOLYOKE,MA,010402743,42.207294,-72.604819,30,0
c067d478-8a3e-3d4c-bdf8-b94dfed7ad94,eb7b9a53-ce15-3de6-85b9-4aa4e3f26bac,Carli641 Witting912,F,GENERAL PRACTICE,194 BOARDMAN ST,HAVERHILL,MA,018306405,42.77171213955692,-71.05879730251671,10,0
dbcac363-a1f1-3aa5-b98e-16766f815f77,19439108-9835-38fe-8ee2-1226a355cfba,Anderson154 Kunze215,M,GENERAL PRACTICE,694 WORCESTER RD,WELLESLEY,MA,024822837,42.2964859,-71.2925571,74,0
b36d3aef-4d4a-3ee1-8bad-6c088531b026,ba5db88e-396b-39a6-9a0a-e9791bc709b7,Carmelia328 Olson653,F,GENERAL PRACTICE,80 ANDOVER ST,ANDOVER,MA,018105606,42.6390425,-71.15835003183432,6,0
3cfa3571-c7d2-31cc-8a5c-fedfb723dc84,fd938c9f-a355-3ec7-96f8-516240ea1ba2,Germán350 Serrano248,M,GENERAL PRACTICE,529 MAIN ST STE 126,PLYMOUTH,MA,023604842,41.7664657,-70.7266525,7,0
892e6359-20da-3864-93b3-832945ae666f,b5789b71-fc8e-3b7e-9eb2-3fc577943117,Ralph813 Miller503,M,GENERAL PRACTICE,81 RESERVOIR DRIVE,ATHOL,MA,013314901,42.581152349999996,-72.18775715069674,161,0
bc0d3570-4b6b-3f36-a138-bb5ce21abf61,0506a7b9-05cd-32d6-a687-7589e67f8587,Nenita289 Ullrich385,F,GENERAL PRACTICE,111 HUNTOON MEMORIAL HWY,ROCHDALE,MA,015421305,42.2020225,-71.89891616754682,3,0
8121a713-fa20-3ce4-98fb-7b57897dd4c9,edd58f69-ad5f-346b-b1f9-530ccdc895f6,Shawn523 Padberg411,F,GENERAL PRACTICE,52 CARPENTER ST,ATTLEBORO,MA,027032472,41.9369576,-71.27996091755344,428,0
cfb5daf0-314d-3693-bf85-315a34ce3621,94ac48ba-e215-3ab9-ba88-a0b926d29cef,Barton704 Hahn503,M,GENERAL PRACTICE,300 WINTHROP STREET,MEDFORD,MA,021552311,42.421527,-71.11834,73,0
bb52c5e0-914e-371b-be66-5293a289baa4,0334ad53-5d57-384e-a411-63b075139c06,Silas208 Stamm704,M,GENERAL PRACTICE,66 CENTRAL STREET,EAST BRIDGEWATER,MA,023331913,42.03160525,-70.9572577506426,32,0
e0045a4a-6c60-32fd-9717-904a4adfdc9f,069b90f9-309b-35e4-b990-d1dbacb962cc,Thomas756 Strosin214,M,GENERAL PRACTICE,36 LOWER WESTFIELD ROAD,HOLYOKE,MA,010402749,42.16975305,-72.63488031242107,156,0
104f24f0-66bf-3e3f-bb58-253a76da81de,b3f4de6b-901d-3856-ba81-35dc48a63d17,Jeana169 Cronin387,F,GENERAL PRACTICE,451 ANDOVER ST STE 205,NORTH ANDOVER,MA,018455079,42.6734518,-71.1268776,263,0
1b6fe05e-89a8-3b84-a0d8-585bbeb374a3,4ba48ef6-19f2-3177-bfaf-096daaebf26a,Gerald181 Wunsch504,M,GENERAL PRACTICE,275 TURNPIKE ST,BRAINTREE,MA,021845328,42.2064195,-71.005067,149,0
226eb01d-e256-3a3b-a41c-2fa5886c4477,d087a353-12da-3785-b121-fb1291f8a721,Elvira561 Henríquez109,F,GENERAL PRACTICE,17 CLARENCE ST,WORCESTER,MA,016052430,42.287673653061226,-71.80890779591836,50,0
82cd9bb5-2043-390d-92a3-a2693ddc6336,aaa0fec8-a112-35c1-81d8-20cba5d2d00e,Tia76 Shields502,F,GENERAL PRACTICE,80 DEACONESS RD,CONCORD,MA,017424168,42.451360756038156,-71.37688541994147,1,0
3b7a97c4-6dde-32db-bc87-b2ba455dd3d5,e5ce3b83-f5e6-308d-aa64-82539fc2d906,Garret233 Dach178,M,GENERAL PRACTICE,1842 BEACON ST,BROOKLINE,MA,024451922,42.33728028715071,-71.14536064081996,12,0
85df339a-b76a-31bb-926e-867f05812504,8395b012-c9c6-3b96-a7f9-edd24c9a3006,Raymundo71 Crona259,M,GENERAL PRACTICE,123 SOUTH STREET,PLYMOUTH,MA,023602945,41.9432166,-70.6595797,2,0
42d1a0ac-5ec4-3215-a749-34d231e51f35,f438b8e0-d856-328a-b193-2b014fc4cb97,Tyron580 Reinger292,M,GENERAL PRACTICE,981 VARNUM AVENUE,LOWELL,MA,018541913,42.64591185,-71.36487149058269,33,0
3996c711-b516-3e5a-826f-4d15d192c848,a2047ff6-62f2-34d7-beb9-7e164d989c75,Frederic454 Larkin917,M,GENERAL PRACTICE,1200 CENTRE STREET,ROSLINDALE,MA,021311011,42.29768,-71.130463,41,0
10885784-f5de-333a-9ea8-e11c43bc9d71,936ceb96-2b12-371f-aa68-ee02a9c06f4c,Eddie505 Keeling57,F,GENERAL PRACTICE,225 BOSTON ST,LYNN,MA,019043124,42.470497449999996,-70.96003668151566,644,0
ffac5a7a-9672-386d-981c-dd92d0a52364,5d0d1d11-dd8a-3d28-b029-93062b6798a5,Octavio643 Gastélum330,M,GENERAL PRACTICE,378 PLANTATION STREET,WORCESTER,MA,016052324,42.27966095,-71.7626143755108,2,0
47ac9d27-ed42-396b-a758-1342735a7754,2cea5ce8-beca-3593-ad2d-07b6f273a9d2,Franklyn361 Halvorson124,M,GENERAL PRACTICE,201 S MAIN ST,ATHOL,MA,013312131,42.5913877,-72.24248995154954,268,0
3e7565f6-37da-3f4b-a491-3c4ae1826483,dfcd78f1-f67e-321d-84e3-f658c482c474,Elmo857 Wisoky380,M,GENERAL PRACTICE,64 WOODLANDS WAY,BREWSTER,MA,026312550,41.737807,-70.0036669,218,0
5012a877-28cc-35d8-8bc2-85e98c1bd9de,5818ce99-2a75-34ef-9cc7-e6cbf3b93ddb,Monroe732 Ankunding277,M,GENERAL PRACTICE,146 FEDERAL ST,GREENFIELD,MA,013012511,42.5928222,-72.5984235,41,0
9ff523c7-d8a9-30ee-b35d-e60f87c036ec,686dbc4c-72c6-37b9-a8a8-46839da327a2,Hope196 Mertz280,F,GENERAL PRACTICE,34 PEARLY LN,GREENFIELD,MA,01301,42.6097476,-72.5979752,2,0
927306f5-6ae7-3d95-bc7c-eb8dfa3adb51,51759ecf-0948-3f61-b8fc-09dd8f2b90a1,Damon455 Schultz619,M,GENERAL PRACTICE,CHRISTIAN HILL ROAD,GREAT BARRINGTON,MA,012301108,42.207865,-73.360405,37,0
65272574-a6f5-32dc-b9ee-adc600a05bd6,a855314b-4fb5-37fc-8015-5caa96c928b1,Erica194 Kiehn525,F,GENERAL PRACTICE,759 CHESTNUT ST,SPRINGFIELD,MA,011991001,42.121522049999996,-72.60300615153007,313,0
d7185d00-2873-3909-aa4e-058a568fb459,48a6d3ab-50ef-349e-8945-2558a78f378e,Junior695 Kuhlman484,M,GENERAL PRACTICE,795 MIDDLE ST,SWANSEA,MA,027774114,41.730919,-71.208117,937,0
bce385b2-7667-35ae-a40a-d8ab1c709548,0a8a4b11-d0b8-3cd2-92cd-983de5189cfa,Del587 Nicolas769,M,GENERAL PRACTICE,111 BIRCH STREET,LYNN,MA,019021574,42.47859105,-70.93458444045801,335,0
3331076f-f6e8-3e73-8f47-c54e540ce96a,cabc0f0d-dcca-34a2-bc6b-519ed1cc7f74,Elicia233 Huels583,F,GENERAL PRACTICE,191 MERRIMACK ST STE 712,HAVERHILL,MA,018306199,42.7742236,-71.08181133783422,401,0
ce54bb9f-015c-3475-af77-21cefb7a1b29,d3fe08e0-6fdc-36bc-8f88-c8b7654cdcd8,Eustolia154 Paucek755,F,GENERAL PRACTICE,545 SW CUTOFF STE 9,WORCESTER,MA,016071766,42.211685200000005,-71.7968399931798,1,0
02be301e-a9e5-3a6f-8ea3-36fde487aeee,d94fe085-4c7b-36c9-a255-3f700d402d36,Bertram873 Goyette777,M,GENERAL PRACTICE,430 N CANAL ST,LAWRENCE,MA,018401246,42.70511426530612,-71.16431740816327,30,0
0c278d9c-f3c3-3275-a188-26469fcfbcd3,bea92616-0fee-39b9-9a23-42c6fd899f35,Ignacio928 Beier427,M,GENERAL PRACTICE,10 ERLIN TERRACE,TEWKSBURY,MA,018762666,42.61292480142526,-71.24215126690858,19,0
ae8a1aa4-ff3c-3a47-9de7-47a4d9bb2799,4b2b9f45-1fe0-3cca-99a5-ea1f0f7d578a,Rozella39 Mraz590,F,GENERAL PRACTICE,220 RESERVOIR ST,WORCESTER,MA,016052047,42.34238135,-71.86462773947133,47,0
8bd94d7c-3809-365f-a175-e2ea42fe063f,335fe080-43f9-3219-84bd-031c4fcfe9d5,Nikki942 Hilll811,F,GENERAL PRACTICE,146 PARK AVE,ARLINGTON,MA,024765829,42.421350950000004,-71.18224816367342,5,0
2747fb93-29ad-3c20-9302-2805e30631ff,7b7ce654-a413-37d1-9d34-97240c0ac580,Liberty95 Kihn564,F,GENERAL PRACTICE,1 WRENTHAM ST,BELLINGHAM,MA,020192532,42.025037350000005,-71.48945118224057,188,0
b085bab4-b0aa-35b4-a0fe-62b461c38aa8,5fea83d4-0140-3084-963e-68b07f1cb2c2,Yesenia104 Cartwright189,F,GENERAL PRACTICE,264 N MAIN ST STE 15,EAST LONGMEADOW,MA,010281841,42.07418905,-72.52092210152173,21,0
1abb3d77-7969-3dcb-88ca-5449914fe6ba,93bf4a6b-8fb3-3a1e-9be6-4958736f2bfb,Dee580 Trantow673,F,GENERAL PRACTICE,1102 WASHINGTON ST,BRAINTREE,MA,021845438,42.19876545530798,-71.00672788298964,6,0
1021e3a4-6eef-3591-afb8-8e4db967ae38,95b01a7c-e16a-37d4-b354-c404baa00203,Saturnina961 Gibson10,F,GENERAL PRACTICE,290 SOUTH STREET,PITTSFIELD,MA,012016824,42.440485002637104,-73.25677853480586,19,0
e37fd479-4ba8-3b3b-97da-be6054111129,929528f5-8239-36c7-aacb-39424ede9cc5,Carmine137 Schinner682,M,GENERAL PRACTICE,40 SUNSET AVENUE,LENOX,MA,012402018,42.35951405,-73.28778674276077,26,0
dc049f59-87d4-3698-8cfc-e368aa994dd9,f1c6e386-ed52-3f97-a2b0-4e21ad2d0966,Rhonda22 Bins636,F,GENERAL PRACTICE,54 COURT ST,TAUNTON,MA,027803201,41.9028629,-71.09718927122583,369,0
409ed19c-2ae6-3cb5-ac75-1c87399de56e,7b20d1c4-c56b-3647-801c-5e4e13679073,Mozell819 Prohaska837,F,GENERAL PRACTICE,275 SANDWICH ST,PLYMOUTH,MA,023602183,41.94186605,-70.6455366462985,2733,0
5ed7e5f5-c528-3fda-aebf-86e8b5b8f603,746d44ea-be0d-39c5-8729-50bc9b30690b,Chet188 Abernathy524,M,GENERAL PRACTICE,29 CRAFTS STREET,NEWTON,MA,024581271,42.3548137,-71.1999357,11,0
df9c191c-008e-32de-b053-cfe45534687b,880c8804-deb0-35b0-9132-06950118b8b3,Sherron201 Flatley871,F,GENERAL PRACTICE,150 LINCOLN STREET,NEEDHAM,MA,024922914,42.2743931,-71.23662905222776,38,0
1737989b-8b0c-39de-a619-a28cfa664f47,f4c3453d-0dd5-320a-a319-33af27c4c9d0,Graig740 Zboncak558,M,GENERAL PRACTICE,11150 W OLYMPIC BLVD STE 1000,BOSTON,MA,021083036,42.3554334,-71.060511,85,0
9093324a-153f-3028-a882-d962720afd4a,df852cb2-9fe0-3c90-87ac-46e5f980ee3b,Columbus656 Koch169,M,GENERAL PRACTICE,3 PATTERSON ROAD  SUITE 3,SHIRLEY,MA,014642907,42.552462649999995,-71.62383665745185,21,0
eafbb6bf-4cca-3d78-b1cb-03c8db60dfed,281525ef-5743-34a8-9339-66c8b4be6668,Nilda678 Crona259,F,GENERAL PRACTICE,555 PLANTATION STREET,WORCESTER,MA,016052376,42.2907683,-71.7649752,27,0
2b0f9ae8-a909-3ca3-9709-206bde986c82,2399f9b0-28d7-3355-ae52-474326a3b021,Dane516 Boehm581,M,GENERAL PRACTICE,23 N ASHLAND ST,WORCESTER,MA,016093041,42.26901755,-71.80739730766234,162,0
78b5d2a8-2aec-379d-9571-29c7ef139f39,fc22de59-ee81-3c32-98c4-911b8d416110,Cyrstal592 Mosciski958,F,GENERAL PRACTICE,27 GEORGE ST,ATTLEBORO,MA,027033105,41.9404181,-71.27282167023935,1,0
3adf460d-3c28-3ddf-af23-9c0c3b35f56f,3e97ce4f-3ad7-3cea-883f-e2bb4ca89d83,Dan465 Swift555,F,GENERAL PRACTICE,30 NEW CROSSING RD,READING,MA,018673270,42.51809619399502,-71.0959083715027,881,0
a9b9b3ff-f6a1-3afb-a02a-e560e349003a,e982819a-87b3-3124-a0f2-85f8afcc7731,Heather971 Goldner995,F,GENERAL PRACTICE,140 COMMONWEALTH AVE STE 202,DANVERS,MA,019233625,42.5524742,-70.94443165548033,90,0
46497d4b-1f77-38e8-967a-16b87d3415d8,c60fc3df-9dbd-3f31-a456-41c84490266f,Booker670 Johnson679,M,GENERAL PRACTICE,146 MAC ARTHUR BOULEVARD,BOURNE,MA,025323902,41.7412166,-70.5989196,16,0
43c2a0fa-fc5c-3aee-b483-68be8b7ab538,883da606-d4ee-34ff-96c4-6e6be2e4dc30,Cami698 Wintheiser220,F,GENERAL PRACTICE,45 UNION STREET,NATICK,MA,017606056,42.2814862,-71.33753630597062,3,0
88edb37e-02f3-3011-a641-a4e7cffc753c,46daa26f-fda5-38a9-9c45-fda430d28fa6,Caryl47 Bernier607,F,GENERAL PRACTICE,25 RAILROAD SQUARE  SUITE 501,HAVERHILL,MA,018325721,42.7736752,-71.08561759491305,45,0
0525f93c-727e-3e92-a70e-8eac561932d1,c0132cf6-1703-3aad-89b4-cc2f2bbc123e,Neville893 Schoen8,M,GENERAL PRACTICE,66 NEWTON STREET,WALTHAM,MA,024536058,42.3746705,-71.22789736306842,98,0
3d2a23fb-c909-3488-82ca-3958e9d53fbe,d5920b72-ac1a-3ec4-81ca-e3b75cb7aadd,Merrilee429 Daugherty69,F,GENERAL PRACTICE,251 Causeway St.,Boston,MA,02114,42.3665,-71.05931,4573,0
6f50a3d1-f268-36fe-9bff-5373e23b3a20,71d9e7fe-5a34-3f11-8edb-f79c482785fe,Liane379 Kunze215,F,GENERAL PRACTICE,42 CAPE RD,MILFORD,MA,017573292,42.1274477,-71.5195252,253,0
29516802-4332-34f4-b8ef-06f579a6e561,4f59f709-8b84-3d27-a04b-c6b7b5544413,Natividad796 Davis923,F,GENERAL PRACTICE,70 BOLTWOOD WALK,AMHERST,MA,010022271,42.3768779,-72.51840280783739,1346,0
87bb03e5-a245-334e-8685-173bae3248a8,c4e5b33c-17b8-3f51-a8ba-a327d54e642a,Kaila152 Dibbert990,F,GENERAL PRACTICE,94 N ELM ST,WESTFIELD,MA,010852917,42.1322823,-72.7436679,427,0
cf59e29a-f32c-31ce-8366-de45de35f8f3,36d328a2-68bb-3967-a9bf-00897a7c945f,Lynn917 Rodriguez71,M,GENERAL PRACTICE,299 WAREHAM STREET,MIDDLEBORO,MA,023462905,41.869676,-70.873384,121,0
2a1d3de2-e8fa-37f4-a9b3-719d7643205c,5225cc87-6a30-303c-a882-5f001cee7f0e,Denis399 Boyer713,M,GENERAL PRACTICE,110 W SQUANTUM ST,QUINCY,MA,021712122,42.27259075,-71.03082765,160,0
b8b65931-9a8d-3443-903d-5b16dd63fe78,6d6ef57e-b2ce-3a69-bacf-4305c51834b0,Frankie174 Skiles927,M,GENERAL PRACTICE,186 HIGHLAND AVE,SOMERVILLE,MA,021431507,42.38845955,-71.10666839512322,12,0
e7af0a7f-3da2-3e5a-9505-e82bc620d6bb,c25911bc-3240-358a-86ce-5f45bb8f0c53,Brock407 Hammes673,M,GENERAL PRACTICE,325 WOOD RD,WELLESLEY HILLS,MA,024812188,42.3130588,-71.2738201,91,0
88e1a8c5-7f23-39e2-ab14-e223cc904b0e,a9f0c80c-2cc2-31ea-9ead-d13d373a6fe4,Mohamed943 Hartmann983,M,GENERAL PRACTICE,140 PRESCOTT ST,NORTH ANDOVER,MA,018451826,42.7052468,-71.11780689673651,6,0
a77c0aeb-95b6-350c-8ec1-c89c653c4478,f4e522df-a006-344d-9574-15bc985f5bb4,Sydney660 Klein929,M,GENERAL PRACTICE,130 Marshall Road,Lowell,MA,01852,42.62101,-71.31481,30,0
e8cce6df-a129-3f23-9e06-6a0d1ae21e55,552ede7f-2ba4-39ef-9217-29d27b89b8a7,Gordon377 Reichert620,M,GENERAL PRACTICE,87 SHATTUCK STREET,HAVERHILL,MA,018302319,42.796917699999995,-71.05216081525802,174,0
d604578a-4122-3975-9fc1-ab2f93f86bbe,a079d416-e8fe-3286-8ef3-6d289d7b5ad9,Winfred745 Collins926,M,GENERAL PRACTICE,233 Stevens St,Hyannis,MA,02601,41.651745,-70.294235,241,0
ab30bdb7-b54a-32d6-b74e-5db65d4f3e93,79d49935-bcc0-36ca-920b-45365c367438,Sherita708 Hudson301,F,GENERAL PRACTICE,409 W BROADWAY,SOUTH BOSTON,MA,021272245,42.336831,-71.047958,731,0
c535d06b-41f9-37dd-9679-6a797e32fa02,0f2c58ec-5323-3c0f-9bdf-af0df7eb2a2b,Verónica383 Nieves278,F,GENERAL PRACTICE,130 DORCHESTER STREET,SOUTH BOSTON,MA,021272642,42.3334312,-71.0494949,250,0
39524971-5298-3281-b5a9-8eb7da7526ce,666c3e81-2ec6-3bff-9dcc-a704edd86960,Cassi819 McClure239,F,GENERAL PRACTICE,770 CONVERSE STREET,LONGMEADOW,MA,011061719,42.0639853,-72.5521444,153,0
19870f09-ad6e-3746-bb91-c5beaff74dec,680532c8-2661-3b39-875a-b6ec0746ccf5,Jolyn4 Dach178,F,GENERAL PRACTICE,30 ATHOL ST,ALLSTON,MA,021341124,42.36075595,-71.13397379082869,133,0
56ad788b-546a-30ec-9758-95361e76e478,cc400ddc-c38d-3604-8d89-cea21555719f,Irene779 Kirlin939,F,GENERAL PRACTICE,87 CHESTNUT ST,NATICK,MA,017603644,42.293559188306446,-71.35158050924959,519,0
c8957fcb-a6cc-3373-bae0-726218202e3d,51370692-6296-3150-8672-559fc73f964f,Jeromy156 Okuneva707,M,GENERAL PRACTICE,75 FRANCIS ST,WEST BRIDGEWATER,MA,023791542,42.0219112,-71.019004,1983,0
d1130ea6-c127-32a6-8745-1e1b91daca79,10dcd91e-6eda-385b-bafb-d5e1ae92dc34,Adolfo777 Abernathy524,M,GENERAL PRACTICE,677 W MAIN ST,HYANNIS,MA,026013493,41.652312699999996,-70.32027525205335,132,0
bd8d99fe-d43b-3769-9427-60e7ae832dfe,362cc3af-dcb0-31d0-a2be-a5ba9d016aeb,Muriel394 Tromp100,F,GENERAL PRACTICE,629 SALISBURY ST,WORCESTER,MA,016091121,42.2932691,-71.8390048,6,0
aa017625-e3b3-3561-a156-41e65e6c5803,cdc87240-38e9-36f8-959b-706642e01e11,Chun678 Armstrong51,F,GENERAL PRACTICE,243 CHARLES ST,STONEHAM,MA,021803559,42.4814675,-71.0924311,393,0
4aa3b341-5d68-3e3a-9b74-2c5ce8f0e3ca,c6b019eb-28ec-36f6-abf3-bcc4d1d58966,Sherwood961 Aufderhar910,M,GENERAL PRACTICE,33 AVON ST,WAKEFIELD,MA,018802310,42.50403445,-71.07462951514611,257,0
56c1b920-b62d-3f5f-9ee4-7fce9f3e20d0,b5b380d2-df21-3389-abf0-08551c7e1f2d,Madeline975 Friesen796,F,GENERAL PRACTICE,85 PATTON RD,DEVENS,MA,014344401,42.5304204,-71.61505519305638,838,0
3e701c12-db49-33a1-968e-b9f64f0e931a,31e00f85-6909-3d9f-afc6-5ae507ab0c06,Kyle55 Collier206,M,GENERAL PRACTICE,382 GROVE STREET,BRAINTREE,MA,021847324,42.189369400000004,-70.98451984814267,377,0
98513020-e39c-30b3-9d6e-42d16cd4be07,dd8f40be-2c90-347a-abf6-c07a5ad4148f,Harold594 Bashirian201,M,GENERAL PRACTICE,105 CHESTNUT ST,NEEDHAM,MA,024922520,42.2784618,-71.23770041644639,145,0
7f58741a-93e6-38e2-b49c-401dfefc14bf,7f2ffa4e-e192-3b51-b5ca-81bbf077f160,Zaida719 Krajcik437,F,GENERAL PRACTICE,601 SHERMAN ST,CANTON,MA,020212025,42.1635341,-71.15024107129324,1,0
e9dc854d-1162-3ae4-be12-d33e701c5518,06376cbe-4880-384b-b459-7ce3eef36ced,Cody889 Ratke343,F,GENERAL PRACTICE,387 QUARRY ST,FALL RIVER,MA,027231026,41.6932713,-71.1402431739568,360,0
a7935ae6-f4b4-3390-a08a-fee9d611bbba,b3312a2d-37e9-35a8-b50d-6c165c437baa,Lorretta561 Reinger292,F,GENERAL PRACTICE,45 DIMOCK ST,ROXBURY,MA,021191029,42.32030665,-71.09721114916246,328,0
9f6035b8-10f4-35b9-9732-58f02553d791,6afea80b-1e56-3487-a326-f4a979f92c28,Vita624 Tillman293,F,GENERAL PRACTICE,34 BATES RD,MASHPEE,MA,026493280,41.61929295,-70.49056908851608,74,0
d8506d0b-6151-30e0-9a67-4bf3993971b0,b6717471-7f78-32c4-b1c5-e3a6310553d7,Noe500 Roob72,M,GENERAL PRACTICE,15 RAILROAD AVE,TOPSFIELD,MA,01983,42.6375935,-70.9494966,62,0
ed7a32cc-3c1d-35ae-8214-8ae45e7c63e0,2836d9ac-c6a6-39d1-8f13-fdf0fc8928f4,Alysha630 Koch169,F,GENERAL PRACTICE,365 EAST ST,TEWKSBURY,MA,018761950,42.6069472,-71.2180803,7868,0
98bd908d-9cfe-3a10-8dcb-e1e0ba7424cc,a2f8d8fe-665e-390f-8b9b-efdc0b14a77c,Pearlene638 Towne435,F,GENERAL PRACTICE,161 JACKSON ST,LOWELL,MA,018522103,42.6425382,-71.3093946,131,0
57036959-7b2b-3c6d-8b9d-d48bfd94664e,126b88f5-592a-3099-a433-c8b933f96d04,Charles364 Rempel203,M,GENERAL PRACTICE,573 GRANBY RD,SOUTH HADLEY,MA,010752122,42.23920485,-72.5586160752016,4,0
31f0af83-b46a-3c6e-9ce8-4975883ed6a7,7dddc0c2-9f1d-3e4e-b2f2-fc7e6abbed31,Bryan958 Gibson10,M,GENERAL PRACTICE,160 MERRIMACK STREET  SUITE 1,METHUEN,MA,018446117,42.7334079,-71.13599310716302,123,0
1a0e915e-4b91-3117-8715-0e0897cc1fcf,82c72223-f521-3a34-9b9b-4ff366365399,Shon148 Reinger292,M,GENERAL PRACTICE,2100 DORCHESTER AVENUE,QUINCY,MA,021691870,42.2509914,-71.0037374,1097,0
d2fb7c3f-c32e-3d83-806f-92a42350bb39,470e2fc6-33df-31c6-a448-ac918dcc19d9,Tonita173 Swaniawski813,F,GENERAL PRACTICE,34 MAIN ST,HAMPDEN,MA,010369642,42.1226047,-72.2062130792683,6,0
819f1983-3943-3c9f-aa75-4ad797ec65e0,b1cbaecc-a62b-3f8f-8791-e090f947a41c,Jude172 Bergstrom287,M,GENERAL PRACTICE,150 BERKELEY STREET,LAWRENCE,MA,018411224,42.72074925,-71.16392537985021,26,0
bda78b6f-ba32-3972-b2c6-2d851f171242,01516bed-cf23-30da-ad4f-967d65529743,Freddy176 Davis923,M,GENERAL PRACTICE,67 BRIGHAM ST,NEW BEDFORD,MA,027402211,41.62716045,-70.9414201572985,19,0
2338648c-312b-39a8-80b2-6200bc36302e,15e26ce3-9006-3ce2-9327-493180a15ec1,Marlin805 Breitenberg711,M,GENERAL PRACTICE,6 GROVE ST,NORWELL,MA,020611534,42.172231693916025,-70.87836493029226,224,0
d4c8c4ca-5d20-37a4-aaa7-c554378cbb11,b5e6f1bd-c744-3556-9775-5ff8399eea33,Hedwig986 Wiza601,F,GENERAL PRACTICE,2284 MAIN ST,CONCORD,MA,017423829,42.44300895,-71.42458458423982,222,0
eb64c360-8ccc-3d29-b8be-a67882d58851,423ee6a6-6928-3a01-a49d-9687361747a4,Kelley882 Yost751,M,GENERAL PRACTICE,7 LORING HILLS AVE,SALEM,MA,019704267,42.48646565,-70.90338797731044,3,0
0165dea9-7593-3bac-9181-ef6976426e05,7c625dc4-2593-31eb-95fd-6a912832b8bb,Ronny764 Braun514,M,GENERAL PRACTICE,980 WASHINGTON STREET  SUITE 124,DEDHAM,MA,020266704,42.228918,-71.18501264023513,39,0
c07fce79-dbce-3f62-8b0a-2dd4003deef9,f22bc2ac-f8bd-3f9f-9a40-93db37639d3f,Glennis930 Erdman779,F,GENERAL PRACTICE,735 ATTUCKS LN,HYANNIS,MA,026011867,41.6747631,-70.29768515601289,77,0
a853fed9-fbbd-3106-9f43-49960532db8d,719db77c-034f-3079-9b12-0d2ec2efeef9,Derick144 Murray856,M,GENERAL PRACTICE,1601 WASHINGTON ST,BOSTON,MA,021182006,42.3381394,-71.0748562,68,0
adabd938-1137-3365-8fb9-ab87b44950a2,04b252db-4231-3cb5-963d-6f096fb4b97c,Horace32 Grady603,M,GENERAL PRACTICE,1177 PROVIDENCE HIGHWAY,NORWOOD,MA,020625019,42.194543,-71.1994976,48,0
3eba60b3-3d26-3275-b0df-4125098d9e00,83579123-f29c-39b8-9f5f-8f79e91683c7,Reggie481 Kassulke119,M,GENERAL PRACTICE,100 CENTURY DR,WORCESTER,MA,016061244,42.3138278,-71.7707002,276,0
52916a9c-19fa-377c-856f-c1f60ec6c4eb,a94f4f6e-88ad-39ff-a935-dc87f13327b1,Carlos172 Wiza601,M,GENERAL PRACTICE,370 WEST STREET,LEOMINSTER,MA,014532073,42.535877150000005,-71.77537115047085,10,0
253fafaa-6fa2-38ae-acd5-c3dc21a89573,94f6a3ae-7d8d-3cbc-a788-e400732da7e5,Malcolm243 Kuvalis369,M,GENERAL PRACTICE,450 WEST RIVER ST,ORANGE,MA,013649603,42.5928702,-72.32953998953418,124,0
3509d3ce-c2da-3357-8bbc-945369f08ab9,4bde4cbc-55f7-3501-90eb-2c88178c7be1,Mireya881 Nikolaus26,F,GENERAL PRACTICE,50 MEMORIAL DR,LEOMINSTER,MA,014532238,42.541995,-71.7628835,10,0
6bfaa9ea-6b70-3694-8309-39ffb073056d,adf66683-c158-3efa-8e6c-7b2a273aa4ba,Brant303 Lebsack687,M,GENERAL PRACTICE,15 MILL ST,MARION,MA,027381546,41.71414569747417,-70.7725958636297,12,0
e25c98ee-348c-3cef-8449-c1915d4af212,e2eab39c-5195-34aa-b35f-e89e37cfed01,Miguel815 Roberts511,M,GENERAL PRACTICE,55 FOGG ROAD,WEYMOUTH,MA,021893141,42.175539799999996,-70.9539153674405,3443,0
5355b1d9-8049-3d15-9e6d-cefb8454ee48,5d3c5e35-75da-3ec1-98d9-6f83dc4a80a6,Marisol435 Arriaga291,F,GENERAL PRACTICE,313 BOSTON POST RD W,MARLBOROUGH,MA,017524634,42.3371035,-71.59501277803298,24,0
06fc56a9-43b6-3547-926a-09dcdf80021b,4fa8411f-42f8-3353-8947-bf15254c9dee,Lane844 Gutmann970,F,GENERAL PRACTICE,90 GREENWOOD STREET,WAKEFIELD,MA,018804039,42.476321150000004,-71.06922169005762,81,0
c31b67d6-b022-387f-967a-2fdc57af5271,21989e2e-249c-3b79-acf0-240211e16b4b,Hung902 Ullrich385,M,GENERAL PRACTICE,1290 TREMONT ST,ROXBURY,MA,021203432,42.3327398,-71.09194864251029,13,0
119be36d-9071-398c-b2d8-c47aa21bd68e,a977feef-f585-3fa8-8deb-7e60fc2cab30,Keneth579 Schulist381,M,GENERAL PRACTICE,2314 MAIN STREET,TEWKSBURY,MA,018763128,42.58023655,-71.19367180835906,242,0
1bc137b6-0d82-3f47-91a6-575cca6c9185,fdcf2b47-b2fb-355c-8581-0f66edadb8a4,Marchelle563 Kling921,F,GENERAL PRACTICE,865 CENTRAL AVE,NEEDHAM,MA,024921316,42.2905133,-71.25420518075296,1,0
747cb9b4-5720-32aa-b487-3a69463daeaa,b411fd60-9bd5-30f1-99b4-c24a409964a1,Hilario934 Schumm995,M,GENERAL PRACTICE,42 ASBURY ST,SOUTH HAMILTON,MA,019821808,42.61322825,-70.87300675048934,52,0
6ff400f4-7bdc-3686-af31-d7c458a97b1a,22b57e3f-4143-33e6-abb9-e6ff074f1c46,Deangelo7 Hintz995,M,GENERAL PRACTICE,750 WOBURN STREET,WILMINGTON,MA,018873480,42.5346051,-71.14953004087923,5,0
9c5ea113-804b-39da-9b56-5d3baaaa4b9d,1de7e7d9-9a7a-3a3f-bf4c-b4de450711f2,Clelia416 Morissette863,F,GENERAL PRACTICE,198 LITTLETON RD,WESTFORD,MA,018863429,42.564282,-71.42620615382347,512,0
c6445ecd-a500-3f28-8651-2b8c0bd1fea5,940d491c-ad61-3bd3-9054-d6d884280934,Petrina721 Huels583,F,GENERAL PRACTICE,321 CENTRE STREET,DORCHESTER,MA,021221112,42.29394375,-71.06005213312326,1,0
b917c4ae-b509-3ff5-92a5-5ddf3cfae0d1,68503514-203a-3202-ac09-ea411c96caec,Mellissa304 Kovacek682,F,GENERAL PRACTICE,309 TEATICKET HWY,TEATICKET,MA,025365625,41.568302200000005,-70.59404025373951,218,0
d7b554aa-b217-3579-9bbc-16f65b507285,f52777bd-7313-3b27-8dd5-cd3f87bd3275,Shane235 Torphy630,M,GENERAL PRACTICE,9 HOPE AVE,WESTWOOD,MA,020902914,42.2139873,-71.2244987,103,0
4117d64e-cbdd-3842-ace2-2504d2f9200d,df3f566c-97e5-31ed-b0fe-4b452666f736,Sandie760 Rodriguez71,F,GENERAL PRACTICE,300 CHESTNUT ST,NEEDHAM,MA,024922477,42.27522125,-71.23743483674366,255,0
885d9cc1-d983-3ebc-b432-bd5887ce64a3,05cc5056-7af4-3afb-9a5a-d7a1c23a2509,Francis500 Lehner980,M,GENERAL PRACTICE,2069 ROOSEVELT AVENUE,WEST SPRINGFIELD,MA,010892595,42.105237,-72.6213712,16,0
99ee4068-43f1-302e-a92b-40c549ab1c39,4705a8fd-19cd-32c1-8b3e-34bcfe84d0bd,Wynell591 Mayert710,F,GENERAL PRACTICE,55 N WASHINGTON ST,NORTH ATTLEBORO,MA,027601607,41.983529,-71.332241,766,0
9ca17aab-f674-36bc-b8a5-e6673de88dc7,7345a4c0-52c6-3da2-8aef-fccb8ad3e8c4,Nathan164 Padberg411,M,GENERAL PRACTICE,114 TURNPIKE RD STE 206,WESTBOROUGH,MA,015812800,42.28414835,-71.60433295499837,2,0
74302613-8be7-30a7-af3e-0c4100bae176,f5ccbb53-e4a0-32e5-a693-02150497a8f4,Astrid395 Huels583,F,GENERAL PRACTICE,100 HIGHLAND ST,MILTON,MA,021863881,42.250705749999995,-71.07724199194602,200,0
de4777a1-bffb-3465-8fd9-6f89248c5648,497f39dd-280e-3d58-af5b-c5e3a3a09b10,Arden380 Bergstrom287,M,GENERAL PRACTICE,27 PARK ST,HYANNIS,MA,026015230,41.65363635,-70.27352219234834,7349,0
5b41261f-d7db-3656-b525-cc0026c1fb37,f2a6c4f7-f5b2-361a-95c4-3d635b352a46,Marshall526 Lynch190,M,GENERAL PRACTICE,546 SOUTH STREET EAST,RAYNHAM,MA,027671079,41.8984957,-71.03751432894776,151,0
b5313e59-ebed-3b47-93e0-c4a46e8fb00b,b0762027-dc86-335b-8310-f4f031c1caca,Elijah719 Swift555,M,GENERAL PRACTICE,765 WEST CENTER STREET,WEST BRIDGEWATER,MA,023791517,42.01302315,-71.05345585281756,5,0
a5b128e7-c23d-3d72-a8b1-cbfef1589261,eaaf102d-0188-3a69-a751-030645e2a7b0,Errol226 Kiehn525,M,GENERAL PRACTICE,605 MAIN STREET,WAREHAM,MA,025711031,41.76766153042966,-70.73096212925822,194,0
364457f1-d7b8-3f4f-a4c5-b1ea93c29ad4,578b56de-fe9c-32e1-aea4-876f8bc01e9c,Ollie731 Dooley940,M,GENERAL PRACTICE,49 HILLSIDE STREET,FALL RIVER,MA,027205211,41.707406500000005,-71.14593659462452,419,0
60b0ac73-3cee-3f25-bb7e-8e30cb916e1c,5608c6ae-1f1d-368e-8172-aea4d9d2aefd,Jerónimo599 Tello902,M,GENERAL PRACTICE,12 KENT WAY STE 210,BYFIELD,MA,019221221,42.75468625,-70.9451078257969,3,0
c6ddc5d6-140a-3683-8f34-5ae3d0df7751,0d7fd824-1c7b-3f8b-a662-f6c2005e82e1,Lyndon118 Trantow673,M,GENERAL PRACTICE,88 MASONIC HOME ROAD,CHARLTON,MA,015071394,42.1389039,-71.9782681,140,0
cd207500-1823-3f9b-a9d2-a6d01876313f,ed0c5b98-dc8a-3fc9-9856-61f1a1c75b11,Werner409 Gerhold939,M,GENERAL PRACTICE,40 JULIO DR,SHREWSBURY,MA,015453010,42.29191827853838,-71.70343631978118,5,0
ae21d058-f603-3bc3-8307-d0ceb591bc35,a525d084-5a8f-3859-a048-2130a4092ec8,Linette249 Runte676,F,GENERAL PRACTICE,2 MOUNT ROYAL AVENUE  SUITE 350,MARLBOROUGH,MA,017521976,42.34042135,-71.57841367654626,30,0
78457846-6965-32c9-b835-e209ae9d836f,accb8cdd-6560-3fef-b0a6-f12c3295026a,Kerrie266 Bergstrom287,F,GENERAL PRACTICE,969 PARK STREET,ATTLEBORO,MA,027035115,41.9266899,-71.2611303145582,273,0
f0a3b22a-379d-3741-b34f-d740cdff844f,792f1ce2-3420-3f91-bd8c-ce680ef4c5d2,Sunshine777 Leannon79,F,GENERAL PRACTICE,309 DRIFTWAY,SCITUATE,MA,020661905,42.1766448,-70.74318482072749,2,0
1bfa3c8f-8492-3f02-8174-ec79fcfa4bb4,6618f4ef-656a-347f-b61e-ed4d6c21763a,Reagan466 Greenholt190,F,GENERAL PRACTICE,231 SUTTON ST STE 1A,NORTH ANDOVER,MA,018451620,42.70554405,-71.12856345,138,0
50137bd1-e3dc-3f84-8078-fb20040be4d8,83445caa-116b-3a1e-a75e-8104d321c4c3,Peter292 Crona259,M,GENERAL PRACTICE,315 MAIN ST STE 101,NORTH READING,MA,018641326,42.596733799999996,-71.11988300141903,154,0
ad7e1754-a824-3744-b5c5-1c271a0fcdcd,7445ae34-b648-3d3a-b8cf-0eb630061b6e,Brenton674 Pagac496,M,GENERAL PRACTICE,34 CEDAR ST STE 4,WEST ROXBURY,MA,021324338,42.2792649,-71.1494972,2,0
19ee6cf2-54a3-33f6-ac58-821905b0d2ab,a2df2aea-9c53-31f4-baea-02ea5ea1e553,Leon728 Lehner980,M,GENERAL PRACTICE,95 LAUREL STREET,GREENFIELD,MA,013013106,42.58163075,-72.61795013515538,61,0
7f374901-9e99-3b71-b3b7-4ec1b0c5c196,390a2aa4-70b4-3a64-a12f-9bd777834c8d,Evangeline16 Howe413,F,GENERAL PRACTICE,710 MAIN STREET,HARWICH PORT,MA,026461931,41.669654699920855,-70.06169919459835,196,0
b950009a-5972-3cec-a25f-ac93f45ac8de,b52544d0-e4d4-37b4-a0cc-cd31ce2ad580,Renna830 Fahey393,F,GENERAL PRACTICE,575 OSGOOD ST,NORTH ANDOVER,MA,018451975,42.700032750000005,-71.10447421114826,2,0
60b88cad-a3f2-3a5b-b881-1ba07bcc4bba,2f945458-15b3-3b37-88f9-15c877c07989,Shanna635 Treutel973,F,GENERAL PRACTICE,12 WINTERBERRY HILL LN,MIDDLEBORO,MA,023461076,41.92111275,-70.98084417612286,8,0
25d2ddec-53e8-3cbf-9e74-f5108267e658,d0e8679a-02c2-31bb-9d6f-4073835a6b1e,Ian270 Flatley871,M,GENERAL PRACTICE,259 NORWOOD ST,SHARON,MA,020671099,42.142070399999994,-71.19701120843712,8,0
8bdca88c-570d-3019-9424-21c50461bd7b,18a96051-91f4-3cba-af96-056ea14dfee0,Gaston250 Grimes165,M,GENERAL PRACTICE,25 HIGHLAND AVENUE,NEWBURYPORT,MA,019503872,42.81369325,-70.89091645747592,1166,0
ced86891-ccaa-33bc-bf3d-db66c5ed91a0,c5d5a544-0277-342f-8422-d30848a82438,Derick144 King743,M,GENERAL PRACTICE,151 ROCK ST,FALL RIVER,MA,027203201,41.70365955,-71.15259151299796,135,0
7a82135e-0c71-36f1-9bea-ef464d1ea9c6,c2e93fb4-abf2-3210-b6ec-4d1ecb2b76f0,Francene766 Halvorson124,F,GENERAL PRACTICE,62 BROWN ST,HAVERHILL,MA,01830,42.76512700000001,-71.04617174286321,638,0
462e61ce-84d0-3ddf-abe6-4bee75657a0f,e1d085f0-8179-3ead-89e0-55e21a2f1649,Barry322 Hoppe518,M,GENERAL PRACTICE,120 DUDLEY STREET,ATTLEBORO,MA,027033258,41.9438129,-71.2806515,12,0
af4fcb0f-063d-343a-92c2-a28b4371ebee,1ab2b5f9-cb95-3236-beec-9b9d4a407c61,Latoria810 Eichmann909,F,GENERAL PRACTICE,725 NORTH ST,PITTSFIELD,MA,012014109,42.4600752,-73.2492795834909,1837,0
aa203d2b-a177-3cfd-9d21-85f36fe72472,07ae483b-b351-3add-8b05-afba832b88ea,Lanette41 Murray856,F,GENERAL PRACTICE,5 REDLANDS ROAD,WEST ROXBURY,MA,021321506,42.2879347,-71.15108161583282,26,0
ead91399-5fee-3957-baae-df952c9409cc,ec509895-6196-36d1-b91e-272bed7e6196,Norbert530 Veum823,M,GENERAL PRACTICE,40 ARMINGTON ST,ALLSTON,MA,021342406,42.3521617,-71.1375176,53,0
f995c7b8-f640-30e4-8a1f-8c2a838c63da,4f27686f-c8aa-3dd8-b272-f98bb903b3d7,Damien170 Walker122,M,GENERAL PRACTICE,1044 PARK ST,STOUGHTON,MA,020723762,42.10978265,-71.07043286195213,1,0
f8e9ab5d-5a3c-326d-a851-c4117f938e29,b5d7a9c3-9232-3f0e-a707-9aba443ca12f,Chantal971 King743,F,GENERAL PRACTICE,39 LAFAYETTE ST,MARBLEHEAD,MA,019451939,42.49376315,-70.87528080424494,1,0
262bbf08-9dd5-3221-a775-ef7ea6033eba,a43fd704-ddbc-3f63-b3a0-e97c5d42ab5e,Booker670 Bogan287,M,GENERAL PRACTICE,447 HILL ST,WHITINSVILLE,MA,015881016,42.1216837,-71.6715608,3,0
b4bfa3e2-ab22-39a7-9c13-1de60f8d3efb,aebbaa5c-2d54-3002-8042-83f6513ccbd2,Solomon675 Buckridge80,M,GENERAL PRACTICE,14 TOWNSIDE LN,WALPOLE,MA,020813541,42.1528227,-71.24396289112357,82,0
aad223c6-2b83-3a33-b183-0326f1f78365,1bed5229-19d7-3168-94a2-f1f2abb00270,Allan198 Moore224,M,GENERAL PRACTICE,88 WASHINGTON ST,TAUNTON,MA,027802465,41.9062805,-71.09518121351795,254,0
85dd8845-bcba-336c-96f2-b903a145a66d,41e2a44c-477c-3511-96f9-12c476aa3b6a,Latoyia537 Lindgren255,F,GENERAL PRACTICE,85 E NEWTON ST,BOSTON,MA,021183553,42.336277100000004,-71.07085295687423,3361,0
5c036c57-500a-33fd-9563-b14925351d11,f00601d0-d49e-30ed-bc3e-314379f2103e,Mitsue965 White193,F,GENERAL PRACTICE,490 MAIN ST,MELROSE,MA,021763841,42.4550741,-71.0654799,340,0
5e08537c-8012-390d-92d6-3679a6115c1e,6df069d9-5273-32df-bee8-b6a5a20c2ece,Tamala194 Fahey393,F,GENERAL PRACTICE,474 West Main Street,Hyannis,MA,02601,41.650307,-70.313515,32,0
09d10c61-afda-306c-b9d2-f9bd3c51e3b3,9d41e4fc-9507-3ddb-82ad-966046fca031,Cleo27 Lehner980,M,GENERAL PRACTICE,104 RANDOLPH ROAD,WORCESTER,MA,016062465,42.29955605000001,-71.79838133819244,36,0
5d09b643-ec06-3c02-8696-cbbca953ee03,71a1e089-024e-3255-a536-9204586fa4fc,Millard193 Doyle959,M,GENERAL PRACTICE,1 GORHAM IS,WEST YARMOUTH,MA,026733200,41.6501114,-70.2411312,8,0
befa8685-531f-3dc0-8ae9-16dd34d1b3ba,5b0cd0a0-f277-3a66-bee6-d64b5be4a3f5,Waldo53 Hintz995,M,GENERAL PRACTICE,725 NORTH ST,PITTSFIELD,MA,012015493,42.4600752,-73.2492795834909,2976,0
17bb612e-01ff-39b9-8453-9e6dc267923d,edbb9e9c-3440-3b38-abfc-83a8f0b6bebc,Temeka297 Huels583,F,GENERAL PRACTICE,273 OAK GROVE AVE,FALL RIVER,MA,027232315,41.70179473202871,-71.13310371798859,6,0
3445c57c-7898-3735-b976-b4914e6815ee,c8c30d67-e7cc-30ab-972d-28e97aff18a7,Donya787 Emmerich580,F,GENERAL PRACTICE,100A WARREN ST,BOSTON,MA,021242012,42.3279429,-71.0831806,98,0
06b425e6-7eed-3be9-8185-d7823ea21e41,79a06fd6-9f2b-35e3-9b11-0bc5ff89e17c,Waylon572 Kovacek682,M,GENERAL PRACTICE,225 Boston Road  Suite 107,Lynn,MA,01904,42.470093,-70.95994,673,0
6d3d4dfb-f755-3f45-b13c-9f5ee6cd7bb7,fbc9efe8-4c66-37e5-9079-2015a5e6dd85,Cinderella355 Koelpin146,F,GENERAL PRACTICE,90 TAUNTON ST,WRENTHAM,MA,020931349,42.06277713070037,-71.32544828485624,3,0
dff4f0d7-f977-35c7-9066-7df6bc836342,d2ff60c8-34c8-359e-a9c5-e4f3da28b330,Clyde817 Konopelski743,F,GENERAL PRACTICE,199 Main Street,Gloucester,MA,01930,42.613102,-70.66085,1344,0
fa4aa212-8277-3320-835d-7c59b2b2b8da,f5b88e0f-3f0a-3400-b56f-26247e2a35ac,Archie818 O'Keefe54,M,GENERAL PRACTICE,585 LINCOLN ST,WORCESTER,MA,016051906,42.2962766,-71.7688972944814,25,0
a29449e5-86a3-3c9b-95aa-8319c1e99258,4956f573-3dc2-3a67-9692-2f57451744e6,Kathe603 Davis923,F,GENERAL PRACTICE,400 BOLTON STREET,MARLBOROUGH,MA,017523912,42.35966285,-71.55290125539051,31,0
8b6207f9-9ec1-306e-b9a9-a8c95a03cdae,b44955d1-f0e2-3beb-a013-708a81dbe430,Ernest565 Runte676,M,GENERAL PRACTICE,680 CENTRE ST,WEST BRIDGEWATER,MA,023791600,42.0219112,-71.019004,421,0
7867fc6c-7a6b-3ab6-9481-855a14ff751f,363631be-d437-3548-98c2-d10b909c1721,Monty345 Ferry570,M,GENERAL PRACTICE,50 MANSION DRIVE,ROWLEY,MA,019691026,42.73718535100735,-70.88053187301136,109,0
ab240e2c-9819-3ac0-942b-086c68474855,60e897f9-7491-3610-81e5-d44b3d36b8c4,Adela471 Pedraza69,F,GENERAL PRACTICE,63 STATE RD,GREAT BARRINGTON,MA,012301224,42.20224745,-73.35469687339696,87,0
bbfa5d59-6084-3fd8-a7c2-1e9fc917ce81,c0e23859-5a95-3aa0-8c3b-0143df64f507,Roberto515 Grant908,F,GENERAL PRACTICE,188 COMMONWEALTH RD,WAYLAND,MA,017785027,42.318727100000004,-71.36211489369597,2,0
b2384640-a0f1-38dd-8883-d0ab4fe7f391,c1986c0c-f756-3596-8f90-08adacf220fe,Cristy798 Auer97,F,GENERAL PRACTICE,73 CHESTNUT STREET,SAUGUS,MA,019061605,42.4573919,-70.9918055,147,0
3f5d4b59-1a15-3904-8b50-be57736cd38e,81bf8321-f3b9-329d-8c7d-e50fc1141351,Nancy265 Bode78,F,GENERAL PRACTICE,35 WINTER ST STE 301,HYANNIS,MA,026013893,41.6528525,-70.28654323707113,31,0
1eff4fe6-e220-37ae-afa9-44465659999e,55938b80-634f-3332-b0e5-ee3dbe66f549,Raymond398 Schuster709,M,GENERAL PRACTICE,235 HANOVER ST STE 105,HYANNIS,MA,026012433,41.6534847,-70.2823732,43,0
e9c08295-4bb0-3cca-8eab-8e1eb55799f5,ad2dab07-4f85-3950-baaa-7c7cd2aa770c,Gertrud593 Kuhic920,F,GENERAL PRACTICE,55 LAKE AVENUE NORTH,WORCESTER,MA,016550002,42.2774799,-71.76166994969458,476,0
9cb1c568-a87c-3582-90a0-e1c248bd7685,18b1bb7e-2f93-3253-a7ae-d19c13ffeaa1,Derick144 Bashirian201,M,GENERAL PRACTICE,29 E 29TH ST,WEST NEWBURY,MA,019854201,42.8014795,-70.989778,104,0
c6252e32-1f1c-3570-82cb-bdc1e9ccbe20,67d2f85b-ddc7-3ed0-b90b-6fa5b7b8358a,Marshall526 Jenkins714,M,GENERAL PRACTICE,43 FOUNDRY AVE,WALTHAM,MA,024538313,42.37050535,-71.21908334877376,609,0
e2844a5f-5340-3bbe-b040-1aae8900894c,78eb7e47-26d6-37d4-8e01-5eabfc9d068f,Jill895 Hagenes547,F,GENERAL PRACTICE,78 BRICKYARD RD,ATHOL,MA,01331,42.58312735,-72.2583516123911,111,0
c307b317-25ec-373c-9853-b6cf7fb60aa2,514c9360-e5ed-3ba7-ba3c-15b249c097d0,Adriene242 Wilkinson796,F,GENERAL PRACTICE,272 WASHINGTON ST,GLOUCESTER,MA,019304818,42.624039100000005,-70.67854005962928,3,0
ef918836-5312-3d07-804e-26f14cc0f090,1d45436f-15a9-326e-a452-2e9ffc9fc5e5,Wilfredo622 Mraz590,M,GENERAL PRACTICE,75 SPRINGFIELD RD,WESTFIELD,MA,010851832,42.111428849999996,-72.71189899299209,340,0
c8f34195-9a2d-300a-8029-f0b2c4d4ca3d,a69c3469-9552-3474-9928-20350c16191b,Clyde817 Daugherty69,M,GENERAL PRACTICE,64 PERFORMANCE DR.,WEYMOUTH,MA,021893104,42.196492899999996,-70.94257445685295,2,0
aa3d0a56-3795-38bb-8c0f-8008d5f683b4,5e5f1707-d324-32e1-abf7-cbdd4b0f5fe1,Valentina258 Bahringer146,F,GENERAL PRACTICE,670 COUNTY ST,NEW BEDFORD,MA,027406719,41.64274875,-70.93093644991788,2,0
8ae4ba1f-a130-3bf9-971d-d3ce7e45a3bc,ce89d7ed-54eb-3eae-881a-15df8e631c47,Silvia880 Howe413,F,GENERAL PRACTICE,36 WILLIAM STREET,LEOMINSTER,MA,014533276,42.5267443,-71.7614891,1,0
bc8afbae-7637-3c86-9ef5-1e4e05fb4b9f,0d9b0d22-585e-3fd8-ab02-26b5be7915d1,Duane703 Koelpin146,M,GENERAL PRACTICE,516 CAREW ST,SPRINGFIELD,MA,011042330,42.12133575,-72.59217953646302,2044,0
ad7b19e9-ad66-3383-8e94-3f1099f0605e,2fb637d0-f66b-3554-858f-20386cab921d,Landon622 Gerhold939,M,GENERAL PRACTICE,248 PLEASANT ST,METHUEN,MA,018447149,42.7401864,-71.17053059694246,39,0
7ded5ef5-5610-35e5-9898-79c3a6e9c9cc,e4dbbb2f-5a51-341d-b5a5-dd91b968b217,Elenor843 Gaylord332,F,GENERAL PRACTICE,329 WASHINGTON ST,NORWELL,MA,020611737,42.16319935,-70.86354427737673,9,0
829fb4ef-08c8-3312-bc37-9dcd7abd51d6,d3335d07-2a2c-35d7-9b87-c022393b6793,Nancie476 Lubowitz58,F,GENERAL PRACTICE,137 NICHOLS STREET,NORWOOD,MA,020622009,42.1930792,-71.20868232395514,30,0
d81cab60-799d-3bfd-a90a-c9a5d70f162e,0d1570ab-371c-3898-9397-95905d8c5166,Santina680 Dicki44,F,GENERAL PRACTICE,750 WASHINGTON ST,BOSTON,MA,021111552,42.3499038,-71.0631836,2313,0
f8649d34-0892-32db-9229-4b0f3f0bea5a,1853aeef-5897-326a-80d6-aa4b0459eb6d,Kendra609 Kassulke119,F,GENERAL PRACTICE,381 WICKENDEN ST,ATTLEBORO,MA,027032247,41.9438129,-71.2806515,420,0
c4bb8e73-0c04-35cb-97d8-e7af187b1af3,4b7e26e6-e5b1-38c9-b4ac-fde9a0f93177,Maggie320 Eichmann909,F,GENERAL PRACTICE,38 BROAD STREET,QUINCY,MA,021694604,42.2560352,-70.99469254391217,169,0
fcfeb229-9382-3c48-bb2b-3472ff9383c6,e6135816-cb29-3e50-b7b8-1df67bdcbce8,Jared66 Orn563,M,GENERAL PRACTICE,330 BOSTON RD,NORTH BILLERICA,MA,018622319,42.5871093,-71.2948553,19,0
00b22913-88c7-3d8b-b60a-c5a69f28c2b3,93552c27-f173-385f-8849-ee56c25f638b,Song837 Cummerata161,F,GENERAL PRACTICE,359 HIGH ST,GREENFIELD,MA,013012617,42.6033006,-72.58135309677492,11,0
cee9e6e1-3008-3750-9146-a8314e1a9651,f3030ee3-dfa5-3595-b684-9769e52a580a,Etsuko685 Torp761,F,GENERAL PRACTICE,88 MASONIC HOME ROAD  DAVENPORT BLDG  2ND FL,WEST SPRINGFIELD,MA,010891357,42.105237,-72.6213712,19,0
cd321729-d60a-3c8d-aaf4-5f381adcea29,94dda4e1-7476-367a-b1f8-37ea7f61a1b7,Chanell45 Robel940,F,GENERAL PRACTICE,145 WARD HILL AVENUE,WESTBOROUGH,MA,015811017,42.2694308,-71.6129907,86,0
4e3e7509-5150-3119-bff2-6a7f3936c9c5,01bb7b5c-f850-3c4e-a3f1-442d8273559a,Dennis979 Effertz744,F,GENERAL PRACTICE,395 PLEASANT ST,NORTHAMPTON,MA,010603914,42.3150543,-72.62555561349089,370,0
a4515b1b-3f60-398a-bf9d-83101b096e35,c56fe86b-652f-3359-ad8e-4b8502d94cb9,Eleanore671 Erdman779,F,GENERAL PRACTICE,5060 WASHINGTON ST,WEST ROXBURY,MA,021324738,42.2649902,-71.15254191018812,1,0
4e3cc94b-0796-3121-a5fa-6fb9cd3b06dd,bdaa3017-130e-34e9-b3ac-ca6d992e8b50,Theron432 Bednar518,M,GENERAL PRACTICE,150 WATER STREET,HAVERHILL,MA,018306213,42.77508795,-71.07182802882255,45,0
2a951478-3658-3ec0-a8bb-97bc9d261773,22fa6d28-92b6-3446-a388-f5aba50debaf,Clarence5 Robel940,F,GENERAL PRACTICE,123 CAPTAIN'S ROW,CHELSEA,MA,021504019,42.3917638,-71.0328284,127,0
328c9c53-3d28-346b-965c-857a8557b32a,8a87ef73-eaa2-340a-bec5-c3cef01ef836,Kristle148 Rodriguez71,F,GENERAL PRACTICE,3 PARK DR,WESTFORD,MA,018863511,42.556814700000004,-71.43463308318695,4,0
34378efc-442e-3f20-919a-d56d595f399b,2ca615f3-87f7-3283-a447-d919a883b676,Elizbeth263 Dickinson688,F,GENERAL PRACTICE,1399 WASHINGTON ST,HANOVER,MA,023391653,42.1441354,-70.8440854,160,0
c312007d-61b0-3600-9f9a-8dc95eedf467,c0a33465-d309-3d2a-932e-9d554a7cc19c,Veronika907 Rogahn59,F,GENERAL PRACTICE,100 CENTURY DR,WORCESTER,MA,016061244,42.3138278,-71.7707002,1921,0
cf730c9b-a373-3639-b958-8079221e9640,94c70730-f430-3878-972c-d06d65cfce1d,Calista635 Runolfsson901,F,GENERAL PRACTICE,71 HOSPITAL AVENUE,NORTH ADAMS,MA,012472504,42.70714585,-73.10965876407255,41,0
465882b7-1316-3652-9a53-555ab80f2a2a,5e0ceaa0-5254-34c4-b5a7-ddc919790121,Columbus656 Goodwin327,M,GENERAL PRACTICE,HOLYOKE CARE CENTER LLC,HOLYOKE,MA,010402701,42.2071434,-72.60765,2,0
1488b3b6-d4d4-326e-be1d-d5c2f266b85b,0583e4f7-f1c2-3100-8e0c-d0decc7ef261,Natalia964 Vigil207,F,GENERAL PRACTICE,123 WATERHOUSE ROAD,BOURNE,MA,025323890,41.72840155,-70.58506829999999,34,0
30a08b33-f416-3bc9-a73b-a37f64c62f18,ce81052f-7c77-3cd7-8c30-930339a79ceb,Mathew182 Cummings51,M,GENERAL PRACTICE,363 ALBANY ST,BOSTON,MA,021182503,42.342456,-71.062887,101,0
237bbc81-abc5-374f-8ec4-16fb25746653,689f8809-c101-38db-b3c9-580b4c37f268,Shonta375 Bins636,F,GENERAL PRACTICE,364 STATE RD,VINEYARD HAVEN,MA,025685624,41.44720825,-70.61474940346154,89,0
ca9abe56-128a-3c10-98ac-bb938569e0cd,7f32dd7d-5c35-3ddb-839b-8fbbb930d412,Tyron580 Littel644,M,GENERAL PRACTICE,863 CENTRAL STREET,FRAMINGHAM,MA,017014813,42.30758060362541,-71.42846215724606,128,0
e09179ba-85ad-3460-bf18-06708311af46,65bd3883-56ee-3eea-8e86-b7e677a30727,Dan465 Block661,M,GENERAL PRACTICE,150 FLANDERS RD,WESTBOROUGH,MA,015811017,42.2770724,-71.5679154706427,1,0
7c33e24f-2220-34e0-a52d-e17d001dc2f2,6450f09c-28fc-3815-abfb-62056b72e508,Bobbi508 Dicki44,F,GENERAL PRACTICE,20 RESEARCH PL,NORTH CHELMSFORD,MA,018632455,42.6389798,-71.3828403,28,0
54ba7afb-6614-3c74-89b4-64d22a03e8eb,51d38e67-9350-39b8-bbb3-91cc879ae415,Darrick836 Hoppe518,M,GENERAL PRACTICE,335 NICHOLS ROAD,FITCHBURG,MA,014201932,42.598254850000004,-71.80841914533654,141,0
19a233a6-d1fe-37ce-b70c-488a6c18670a,80646050-1c76-3046-bbc8-fd5f0b7c34e6,Mayola305 Hauck852,F,GENERAL PRACTICE,140 ARNHOW FARM ROAD,FITCHBURG,MA,014201369,42.5903661,-71.8119837,250,0
61d16f0b-9b25-30a9-80ec-429edecef2e3,0a689d33-2b0d-3942-8de8-e28812e91c69,Noah480 Pagac496,M,GENERAL PRACTICE,47 SEAVERNS AVE # 5,BROOKLINE,MA,024463806,42.3317642,-71.1211635,276,0
d5cc178e-0dbf-3d00-8fc3-150fdec0e53f,cac6f8b3-eafd-31b3-9fa3-8015752ccc2c,Jessie665 Pagac496,M,GENERAL PRACTICE,123 SUMMER ST,WORCESTER,MA,016081216,42.26496835,-71.79655403681465,1012,0
9c9acb6b-27e8-3d8d-a373-c63f6fcd6ff2,e02d9c87-52cb-3f3c-9f97-fe95f260c437,Sheldon401 Hoeger474,M,GENERAL PRACTICE,321 MANLEY STREET,WEST BRIDGEWATER,MA,023791022,42.0338457,-71.05496436428572,13,0
07930575-b9f5-32dd-b14b-7bc578cfbbd2,6e517750-a29e-3170-a02b-5733ff523458,Levi940 Abbott774,M,GENERAL PRACTICE,101 BARRY RD,WORCESTER,MA,016091275,42.3030701,-71.8333408960994,160,0
4a6a308f-e784-3d58-b7a8-70f8cb4e7f77,d36eba4a-0dfb-3a26-b9fe-eb74594bbe3c,Bonita405 Boyer713,F,GENERAL PRACTICE,1350 MAIN ST,WORCESTER,MA,016031550,42.2416259,-71.85047518091996,3,0
47656dc4-e280-3ae5-a4fd-34ce49a1f702,bb867d36-0c8d-33b4-b19c-a8c026655b6c,Lahoma872 Macejkovic424,F,GENERAL PRACTICE,200 KENDALL ST,SPRINGFIELD,MA,011042532,42.12161175,-72.57784860231564,6,0
1bbb24de-40f7-3aa8-b2f0-b1858b6bdc3b,1b3fe590-8793-3f08-865d-01fc425a84d4,Fredrick998 Wintheiser220,M,GENERAL PRACTICE,1340 BOYLSTON ST,BOSTON,MA,022154302,42.34392675,-71.09888049065322,682,0
6c74b918-53d7-30d1-9d19-52a0707df81a,0be0e035-8dad-387e-bbdd-a5a469c4311f,Deane47 Howe413,F,GENERAL PRACTICE,480 MAPLE ST,DANVERS,MA,019234065,42.584178050000006,-70.97197467750539,466,0
18d326ac-9876-3545-b5c5-33916fecc480,3f12ebb4-e03c-3453-88d2-4fc9682383df,Irina619 Stiedemann542,F,GENERAL PRACTICE,726 COUNTY ST,NORTH DARTMOUTH,MA,027473603,41.6389926,-70.9703171,1113,0
e244d831-974b-3301-ada9-671c3d53c2fb,a9fc7aa5-d3b3-314d-9cf7-af29051d3dd9,Olevia458 Hermiston71,F,GENERAL PRACTICE,1193 SEA STREET,TAUNTON,MA,027803960,41.8946107,-71.11113,10,0
b1f0d31f-c599-35b5-a0b3-88629b41ba7b,477c3c1a-ba1a-3102-8a91-56624ba236e4,Lucia634 Mata817,F,GENERAL PRACTICE,642 BOSTON POST RD,SUDBURY,MA,017763302,42.36142375,-71.44123077142632,2,0
ae473ba9-f82d-35f1-9911-9b2a62cd554c,9c9d017c-0a4d-3e03-9802-4d310ea05c71,Essie785 Schaefer657,F,GENERAL PRACTICE,70 FULTON ST,BOSTON,MA,021091402,42.362439499999994,-71.05377386223965,6,0
dfc70e0a-65a5-3ade-b9a1-808749a29d5f,8ec2ca51-abb4-35dd-b90f-6c6aad6d2124,Oda116 Conn188,F,GENERAL PRACTICE,22 JOHNSON STREET,PEABODY,MA,019602311,42.54644385,-70.99288129112277,49,0
1dd13c77-5601-3b28-a953-9a81e8cca2fa,ea468462-3080-302e-b405-9127a396c310,Caroll955 Rowe323,F,GENERAL PRACTICE,600 CUMMINGS CTR STE 270X,WOBURN,MA,018013200,42.4792618,-71.1522766,11,0
d573dd84-07fe-3abc-b700-f5e264ef0fac,8af3b144-0e1a-3c90-937d-81a4ed026080,Guillermo498 Fay398,M,GENERAL PRACTICE,800 WASHINGTON STREET,NORWOOD,MA,020623489,42.1886973,-71.2005241,1005,0
75f3a3dc-23ae-3b83-8b9d-e2250170e2dc,02f1998b-3ff7-385f-89ce-642d33b01d5c,Wilber603 Mills423,M,GENERAL PRACTICE,71 HOSPITAL AVE,NORTH ADAMS,MA,012472504,42.70714585,-73.10965876407255,65,0
aff9697e-67de-3df9-8a30-b871f770bdda,9fdce5d5-d4d0-3156-a8d5-8757bfe4e9b3,Pamelia915 Kilback373,F,GENERAL PRACTICE,1 FARMER CIR,ARLINGTON,MA,024742866,42.42405225,-71.16792616556859,892,0
2c39713b-0d6b-3283-97a7-3ef627fcd80c,86f41096-d81f-3e26-b770-b26adc017d3e,Floyd420 Prohaska837,M,GENERAL PRACTICE,288 WASHINGTON STREET,QUINCY,MA,021695523,42.24983615,-70.9902487341626,15,0
2ce2b427-6881-3d68-b814-9d729c4202dd,a35fd733-dc1a-33f0-a308-292ff5581287,Phil587 Schaefer657,M,GENERAL PRACTICE,15 STRAW AVE,FLORENCE,MA,010621491,42.335654,-72.663286,516,0
96e1732d-8eab-36f3-aef7-7a07e5d6ae74,b014aec7-7bd8-351f-8808-3e280cbc5be6,Rosaria177 Volkman526,F,GENERAL PRACTICE,70 EAST ST,HAVERHILL,MA,018306700,42.7777829,-71.0767724,1088,0
e9eb3a4d-dca6-3f99-bea3-ef24399c2217,b3b56527-d366-3353-bca9-266a12f23051,Gil594 Schroeder447,M,GENERAL PRACTICE,60 QUAKER HIGHWAY,UXBRIDGE,MA,015691628,42.06100105,-71.62352848737622,90,0
c3533ba4-d0e5-31b6-819a-bce095b62be8,f1664435-2eca-3eff-bd1a-13701e7ad1bd,Elvin140 Marks830,M,GENERAL PRACTICE,300 PASTEUR DRIVE,NEWTON,MA,024592058,42.3370414,-71.2092214,337,0
c0c4f5be-8a03-362f-9b27-5b124bce52a5,125eccb3-d003-34ea-9bd8-360dff059782,Mickey576 Gerlach374,M,GENERAL PRACTICE,125 PARKER HILL AVENUE,DEDHAM,MA,020266146,42.2489143,-71.1755732,1584,0
82f8ef99-f00d-37c3-976c-2c8f1e8c0487,fc90e623-9edb-30a7-9040-29968f8ebaa8,Arnold338 Stiedemann542,M,GENERAL PRACTICE,271 CAREW ST,SPRINGFIELD,MA,011042377,42.11597825,-72.59301656598424,28,0
61f35d7c-bc36-3bdc-b6bf-225089a849a3,c5742266-625d-3824-9ed3-4b5c6bc3e296,Rod343 Goyette777,M,GENERAL PRACTICE,22 BRAMHALL ST,SCITUATE,MA,020664312,42.1939754,-70.7697128,165,0
9f197987-25f4-3be2-8402-afe1064ca385,68027854-a51a-324b-8f20-2da7be608ebf,Ralph813 Legros616,M,GENERAL PRACTICE,50 RECREATION PARK DRIVE,HINGHAM,MA,020434206,42.176395,-70.90419664699353,9,0
f2f21a5f-23e0-3b56-8b38-5fe2de0e510f,285c9778-34c9-33b3-bf04-bf73cf567619,Georgene966 O'Hara248,F,GENERAL PRACTICE,950 N MAIN ST,RANDOLPH,MA,023683064,42.1871612,-71.0568102,24,0
c8b26824-73a9-3ccb-9761-7d47ea1a7344,52323856-2b6a-3c09-8277-7d4ff9cb325a,Robby860 Schuster709,M,GENERAL PRACTICE,99 PARK STREET,BROOKLINE,MA,024464406,42.3398029,-71.1238599,1,0
9589215e-3cf9-3552-9918-7715455e2b5c,b242f971-3c74-3778-b148-81366c1e6a3f,Leland44 Bernier607,M,GENERAL PRACTICE,10 CAREMATRIX DR,DEDHAM,MA,020266149,42.2270762,-71.17237295563174,923,0
569a6a8c-89c7-3bb8-96a5-399d0d8817a4,a8a4e435-687f-3ecb-9af8-09b4636d1a1a,Chance908 Skiles927,M,GENERAL PRACTICE,107 COMMERCIAL ST,MASHPEE,MA,026496507,41.60736455,-70.49065684933157,131,0
fc358c58-a416-3fec-9f55-58c55680cd09,94e4af1a-df1d-33bf-9cc8-01d079d882bf,Toccara373 Wyman904,F,GENERAL PRACTICE,3 LITTLETON RD,WESTFORD,MA,018863130,42.57905705,-71.39690581066205,24,0
7bdfaca7-4353-37ae-ab4c-9ecf2e51f18b,99a31e4a-04aa-334b-9e96-904f01483d93,Deloris888 Ward668,F,GENERAL PRACTICE,100 N BEACON ST,ALLSTON,MA,021341928,42.3536388,-71.1375978,3,0
57bbefd8-7f6e-3589-a54d-726cd2293df4,e8d0fea4-45cb-32d3-8798-0fe6156c4409,Andrea7 Howell947,M,GENERAL PRACTICE,265 ESSEX STREET,BEVERLY,MA,019151958,42.56513015,-70.86168781456092,5,0
83acc88d-db7e-3d68-b7b9-7c32e6126db3,e5b9db6a-8dd8-3622-b9ce-3dc593e111d1,Carmelita854 Tromp100,F,GENERAL PRACTICE,1223 BEACON ST STE A,BROOKLINE,MA,024465332,42.3430087,-71.1170155,70,0
20b62eed-c983-3cb3-8e15-ebdfcd5c1349,36c8b677-a6ce-3266-b71e-ed86d778d0fa,Rebekah348 Rippin620,F,GENERAL PRACTICE,300 FRIBERG PKWY,WESTBOROUGH,MA,015813900,42.28350315,-71.58027718702151,249,0
cda5b824-6039-3a77-85a0-53767674bd08,e92dad8b-f485-315a-8fc4-1d7adfdc9c00,Laurena366 Anderson154,F,GENERAL PRACTICE,581 FAUNCE CORNER RD,DARTMOUTH,MA,027471242,41.676111381167445,-70.98788528176077,2293,0
925251d4-9d28-30f9-a480-8495c5d12172,51e96f40-2058-378a-b3bd-d83c50d5cbcb,Palmer257 Jones311,M,GENERAL PRACTICE,200 NICKERSON RD STE 110,PLYMOUTH,MA,023602480,41.75001,-70.632075,35,0
f77866c3-2402-3f16-ac74-176e649e89cc,6929d249-cc27-33aa-a871-b6f26059615d,Luisa710 Casas271,F,GENERAL PRACTICE,ONE HOSPITAL ROAD  FIRST FL  WING 5   PO BOX 1477,OAK BLUFFS,MA,025571406,41.4538523,-70.5684713,117,0
04bda8e2-3c44-3de9-824b-40a362e09207,a1a024f0-95e2-3db4-a771-e2f17c5da162,Arturo47 Schmidt332,M,GENERAL PRACTICE,18 NEWTON ST,BROCKTON,MA,023015115,42.0785392,-71.02602473630952,152,0
40912011-521d-395e-9601-b395c1063b01,aad05540-c9cb-3805-b3c4-f9b9d9b42b2e,Arla414 Fritsch593,F,GENERAL PRACTICE,821 E MAIN ST STE 3,CHICOPEE,MA,010206306,42.155774795300516,-72.55672263289513,1461,0
ae589b20-da43-304f-8449-a3645fe10ce3,1aa9084e-2b86-3d6e-93ab-dbe6d4dda601,Jani266 Schultz619,F,GENERAL PRACTICE,100 OLD BILLERICA RD,BEDFORD,MA,017301267,42.499905749999996,-71.25668964877971,9,0
f3eef3de-2e34-352b-bc6c-3eae65b4057a,2e73956a-942f-36f3-b88c-f88e782e578f,Ivory697 Boyle917,M,GENERAL PRACTICE,790 TURNPIKE STREET  SUITE 202,NORTH ANDOVER,MA,018456138,42.661547049999996,-71.10774565195425,184,0
e9fca715-3e5f-340e-83b8-7783082a05d8,2987ddf5-7ff2-3e4a-9e25-d654a10313fd,Sonia106 Terán294,F,GENERAL PRACTICE,519 MAIN STREET,MEDFIELD,MA,020522522,42.186209649999995,-71.30745495273302,51,0
5d16821b-32a7-3f22-9ad0-9f0d8fe1886b,ce3b504c-f15c-3bcf-ba6e-dcb551cc7d7f,Dale454 Schmitt836,M,GENERAL PRACTICE,112 SOUTHAMPTON ST,BOSTON,MA,021182711,42.33240995,-71.06915010706255,32,0
959bdbf6-4bec-3d9a-9324-50b2a3e9bbb4,eea92149-820f-301f-911e-b170e8312842,Marcy588 Hamill307,F,GENERAL PRACTICE,123 SUMMER STREET,WORCESTER,MA,016102177,42.26496835,-71.79655403681465,944,0
853b2eee-d63c-353d-925e-5081e926fee8,19a3afba-b409-3650-a0ab-f3faf6e391ef,Patrina117 Strosin214,F,GENERAL PRACTICE,199 REEDSDALE RD,WALTHAM,MA,024511433,42.3756401,-71.2358004,1459,0
18d4ac58-fa3e-334b-90d9-2312e3edfffb,0e9d0119-1157-35a0-8bb5-7e0aa3041928,Kari181 Trantow673,F,GENERAL PRACTICE,1049 MAIN STREET,SPRINGFIELD,MA,011032114,42.09977055,-72.58470990760483,583,0
371584ce-67e1-377a-9f9e-89eea97f112e,76b7dbb5-0a02-32a4-9a01-3511f7e45016,Emerita401 Satterfield305,F,GENERAL PRACTICE,59 COUNTRY WAY,SCITUATE,MA,020663746,42.1806871,-70.74862935148246,139,0
1ea77a90-ef51-3c36-b0b4-56d1ec0f5f2e,83a08dcf-7ed6-3d2e-afc0-a72c05d2563c,Alejandra902 Escobedo608,F,GENERAL PRACTICE,755 MAIN ST,HAVERHILL,MA,018302166,42.797835,-71.0878121,311,0
03b9db84-80fe-3792-83b0-5931df32afdc,562176c7-c337-3bd1-b8f4-89853772589b,Lenny728 Schuppe920,M,GENERAL PRACTICE,877 SOUTH ST,PITTSFIELD,MA,012018243,42.417399950000004,-73.25836946569122,11,0
88835acf-7af1-35b3-9d8e-e968cf98c72e,b826cbda-f69b-32d0-9e6e-edcb80f692bb,Kisha966 Beahan375,F,GENERAL PRACTICE,169 VALENTINE ROAD,PITTSFIELD,MA,012013042,42.45821049070386,-73.27683573566691,60,0
a0d707ce-c114-318a-8227-ee44824a901f,25c85bcc-7e25-36bc-89e8-08e0d473db23,Stephen891 Okuneva707,M,GENERAL PRACTICE,138 S MAIN ST STE 14,MILFORD,MA,017573272,42.1270746,-71.51639128815474,892,0
11f7cbae-0ff1-368a-baed-610d69a87f48,b90ee64e-4559-32db-97d7-0341740a71f1,Alicia629 Alicea505,F,GENERAL PRACTICE,123 SUMMER ST,WORCESTER,MA,016081216,42.26496835,-71.79655403681465,73,0
fbc785d5-f63a-3ad5-ab68-5cc6d0dadcb8,eb9188f8-3f7a-3794-a349-94f88f7ff41c,Elbert916 Kuhlman484,M,GENERAL PRACTICE,119 PROVIDENCE STREET,WORCESTER,MA,016044429,42.25031935,-71.79212030621437,1,0
bc17ffbc-bf0e-375f-b097-7add9dea26e7,c9aabcbd-d4e0-391f-8980-d0be6934ea82,Lindsay928 Leffler128,M,GENERAL PRACTICE,340 PLEASANT ST,BROCKTON,MA,023013236,42.08764334999999,-71.03287346676532,403,0
b1b1da78-911a-3651-ae2f-0e9b92256496,d9b71ccf-6649-3555-9e99-44eac0af257f,Darlene91 Collier206,F,GENERAL PRACTICE,655 DEDHAM ST,WRENTHAM,MA,020931135,42.084901,-71.30689224201797,145,0
4887f988-0243-37a5-9374-9a9572e65c5c,c4ac39af-31c3-3e1b-bd95-faa239bce600,Candance389 Crona259,F,GENERAL PRACTICE,374 ROUTE 28,WEST YARMOUTH,MA,026734717,41.6514493,-70.24627055149762,63,0
04a960b5-d7b8-3b07-8d7a-ca206872ed9b,81991e0d-8034-36c8-be5c-624b44cb67de,Jamie386 Predovic534,M,GENERAL PRACTICE,76 NORTH ST,MIDDLEBORO,MA,023461619,41.9014651,-70.91375666607357,3,0
7166763c-e23d-3f8d-975d-9ccc9ef599d1,2f5c26cd-be8d-351a-97af-23fbcaba0967,Dorethea38 Casper496,F,GENERAL PRACTICE,36 CORDAGE PARK CIR,PLYMOUTH,MA,023607320,41.978323,-70.689036,4,0
8ec95fe7-6fb9-3055-9c6e-cb6b9a3f8896,6ff4bb75-c014-3f73-a574-620cf1538d85,Manda751 Hamill307,F,GENERAL PRACTICE,250 GREEN ST,GARDNER,MA,01440,42.586896550000006,-71.98672640006858,94,0
ba40da1d-e5ed-3182-a963-37c32eaf601e,e68de1a0-767e-3466-b9a6-43948ee073d3,Simone657 Ratke343,F,GENERAL PRACTICE,160 WELLS AVENUE,NEWTON,MA,024593302,42.29337605,-71.19806353028767,85,0
ceed322c-97be-301a-bbe6-9b87f1889a00,2fb77691-5353-358a-bc94-90af77dd654b,Donnell534 D'Amore443,M,GENERAL PRACTICE,200 GROTON RD,AYER,MA,014321168,42.577352149999996,-71.57414587343038,851,0
652035e1-ba9a-381b-a076-1fa4b4aff773,f002fb4c-544a-3139-b3f1-439864d5474a,Sanjuana985 Cruickshank494,F,GENERAL PRACTICE,266 LINCOLN AVE,SAUGUS,MA,019063037,42.44952884999999,-70.99452689295308,3,0
0043804a-2a1c-317d-af07-2688bfc43f2b,d6c165ec-d9ca-35a5-9bc8-2061cbfb83a2,Stuart913 Lynch190,M,GENERAL PRACTICE,10 ADAMS ST,NORTH CHELMSFORD,MA,018631780,42.6389249,-71.3840196,207,0
4c7824d5-21dc-329a-b18a-c8f027b046d4,cbebae9e-f95e-3d2c-9712-289ea8d6aeec,George991 Haley279,M,GENERAL PRACTICE,49 ROBINWOOD AVENUE,QUINCY,MA,021698130,42.2509914,-71.0037374,795,0
7f587e84-5a08-31b5-b9f9-80ffe9cc3d07,1cec4304-9757-3a10-ad4f-7e2090c56131,Theo630 Rohan584,M,GENERAL PRACTICE,55 LAKE AVE N,WORCESTER,MA,016550002,42.2774799,-71.76166994969458,1422,0
fedd610e-e88a-3545-9efa-01cf98197133,82ed13dd-9643-31e1-a56c-ff9a28a9d671,Camila223 Cartwright189,F,GENERAL PRACTICE,290 ROUTE 130,FORESTDALE,MA,02644,41.713592,-70.4889162,35,0
501c3e04-67fb-3c85-8b82-2099f3451399,5862e05c-9533-3f7a-8f73-215d50f5ee2f,Estell607 Barton704,F,GENERAL PRACTICE,1200 CENTRE ST,ROSLINDALE,MA,021311000,42.29768,-71.130463,388,0
05d96559-bdc6-3e7b-b9dc-14c971f3b176,ec7e487e-7e78-3eac-a9ee-37f8de98a0f9,Sid118 Hammes673,M,GENERAL PRACTICE,277 WASHINGTON STREET,ABINGTON,MA,023512489,42.10060947239023,-70.94967338146704,83,0
ac14d53f-a356-3e4e-9e0f-9c97156c657f,26d8e700-7d84-3b34-bfad-274b535ec244,Olin642 Padberg411,M,GENERAL PRACTICE,421 North Main Street,Leeds,MA,01053,42.345066,-72.68291,596,0
3f6bd84a-53b2-3945-829a-8273ad05331e,ad482681-b4c4-3fce-ac59-78c83d31b0ba,Jeanie708 Turner526,F,GENERAL PRACTICE,130 CHESTNUT ST,FRANKLIN,MA,020383903,42.08345955,-71.38413379825735,10,0
3ba18a8b-0bad-374e-ae88-8201929a7d48,a8f1424c-00bc-3403-8db5-cd600978f3a4,Amos720 Bogan287,M,GENERAL PRACTICE,8 BURNHAM ST,TURNERS FALLS,MA,013761816,42.6042523,-72.5564777,460,0
ef6d6fcf-6bbc-397d-b5f2-a9724611ddfd,55809329-c479-30a9-824e-4768d46c0244,Shanon591 Fadel536,F,GENERAL PRACTICE,280 MERRIMACK ST STE 103,LAWRENCE,MA,018431780,42.70271530167854,-71.14888290326759,27,0
8c117995-a8a6-3d85-8bdd-36d85d6dbb58,411f14a5-de79-3e08-81d6-301270cc2275,Fredrick998 Harvey63,M,GENERAL PRACTICE,64 CONCORD STREET,WILMINGTON,MA,018872179,42.55962465,-71.13772203658047,180,0
3d47ade2-c344-3541-bb35-e7e3c10e6d88,78cd7edb-2df6-34da-b463-5f9eb15cf862,Nancee600 Pacocha935,F,GENERAL PRACTICE,1 WEBLY ROAD,YARMOUTH PORT,MA,026752000,41.7020544,-70.249465,63,0
71796e49-f7e9-3b3f-9a06-435c3fdc4d94,471f7ca2-38f8-3080-8109-187c73ec0b1f,Reginia455 Johnson679,F,GENERAL PRACTICE,27 CONGRESS ST,SALEM,MA,019707308,42.518722068313224,-70.88940635956651,279,0
992be6c5-c5c2-3b79-a9e9-9d959f947556,a5577e5c-b886-37a0-8eee-8ff6feb7ea6b,Lucas404 Arteaga169,M,GENERAL PRACTICE,330 MOUNT AUBURN ST,CAMBRIDGE,MA,021385502,42.3741033,-71.13417575971958,3501,0
0061d34a-ab88-34b6-9420-d32227bafd16,20df65a4-7567-3066-b680-0f71b0c31d38,Kristina583 Bashirian201,F,GENERAL PRACTICE,242 GREEN ST,GARDNER,MA,014401336,42.58685735,-71.98748072431209,1276,0
c4ede5af-6044-3cce-8cfa-08ec62c5fbb9,5581e43d-0463-3a0b-afc7-a60aea5ac96c,Benita195 VonRueden376,F,GENERAL PRACTICE,57 RIVER RD,ANDOVER,MA,018101144,42.69112645,-71.19636086287642,677,0
41986154-2df9-376a-bd5a-69c524a09ac6,7dcab1ad-0e13-3700-9eb0-70767c5e2b55,German382 Wilkinson796,M,GENERAL PRACTICE,1515 ALLEN ST,SPRINGFIELD,MA,011181803,42.095299499999996,-72.50943136142334,118,0
51efac3a-3a1b-3715-bfaa-ed5bd8abff60,8269bd00-d9ff-3bda-a585-9587bc1d330b,Alisia5 Jacobson885,F,GENERAL PRACTICE,223 SWANTON ST,WINCHESTER,MA,018901968,42.4616579,-71.13927131946744,2,0
74af116e-6f8e-3f76-8fde-e18dfc6eb3e0,448d54bb-d442-3c01-84b6-0475c7c8da12,Vanetta255 Hand679,F,GENERAL PRACTICE,1565 MAIN ST BLDG. 2 SUITE # 311,TEWKSBURY,MA,018764735,42.6106479,-71.2342248,23,0
0814b365-4ab8-3d6e-9b19-4b632f62a8e0,7fc42341-ad5f-3c6c-94f3-4afaa0f8a028,Coretta598 Herzog843,F,GENERAL PRACTICE,368 FAUNCE CORNER RD,DARTMOUTH,MA,027476249,41.6633564,-70.99152756769953,13,0
d28996ad-c1fd-30b4-8ed5-29583c9dd981,ce9c1582-994d-32bf-835c-474a249d2804,Clifton91 Veum823,M,GENERAL PRACTICE,275 MARTINE STREET  SUITE 104,FALL RIVER,MA,027231500,41.68393816525316,-71.1220830626733,49,0
acba9a83-1e5c-3700-b8a7-3e62ef178529,ff8a25dd-fd83-30fc-a1ee-66455ec0dd82,Martha161 Gorczany269,F,GENERAL PRACTICE,3 EDGEWATER DR,NORWOOD,MA,020624642,42.16067115,-71.20186905283774,45,0
655d2e2b-770e-3da0-b2bd-7ec64a8ed7b5,9485907a-9f9c-3c19-a424-b402ee8f99c2,Tynisha348 Bogisich202,F,GENERAL PRACTICE,101 PLANTATION STREET,WORCESTER,MA,016043025,42.258026400000006,-71.78384882397785,89,0
1c0bb1b4-238d-35f6-9909-d53e0245c063,6ea4d3d6-d820-387a-a3d1-ed5944ad47a2,Nicolasa738 Larkin917,F,GENERAL PRACTICE,232 PLEASANT ST,METHUEN,MA,018447152,42.7397562,-71.17113575205717,550,0
5dc4c224-04f3-3476-8f61-6ee822d4e653,1494b446-f1aa-3752-8d9c-8eb801059e77,Matthew562 Bailey598,M,GENERAL PRACTICE,439 COLUMBIA RD,HANOVER,MA,023392393,42.108043699999996,-70.81047504431497,43,0
1bc9ca54-c8c9-349c-8ae8-8f844ef9452c,e7722de2-0e62-3dc9-a163-a7003956673b,Weldon459 Lockman863,M,GENERAL PRACTICE,1 EDGEWATER DRIVE  SUITE 103,NORWOOD,MA,020624669,42.16153305,-71.20162617190071,65,0
59bb48cc-15a6-304a-8fd9-e3ac2e4f3ca4,c630c98b-cbfb-3260-a984-4bbf511de98d,Selma398 Beier427,F,GENERAL PRACTICE,135 S HUNTINGTON AVE,BOSTON,MA,021304885,42.328899,-71.110855,3,0
fc65efb9-0ada-331a-a0ae-24753d8a1b8c,f2f525c9-8e06-3009-b720-ccf449bce7a5,Larhonda769 Fisher429,F,GENERAL PRACTICE,320 PITTSFIELD RD,LENOX,MA,012402377,42.3939874,-73.2706999222404,1,0
cbd32753-68b0-37e5-ac73-48a807500a81,9b8a7a25-b923-3710-9f3c-d42919a3f54f,Heriberto162 Ondricka197,M,GENERAL PRACTICE,146 MAIN ST,MAYNARD,MA,017542651,42.4309786,-71.4552968,251,0
411aab4b-4188-34f3-a180-497ce15e05c9,62b55e5b-b58f-354d-8f2d-f2a330bc619e,Paz9 Gerlach374,F,GENERAL PRACTICE,201 HIGHLAND ST,CLINTON,MA,015101037,42.42738865,-71.69329092351188,679,0
be39941e-efb1-3ccd-85bf-1bb7256ade17,966245ce-e84d-36b0-a838-2e0b5bb2e668,Pei116 Crooks415,F,GENERAL PRACTICE,1425 BLUE HILL AVENUE,MATTAPAN,MA,021262122,42.2754929,-71.09384131587021,141,0
04e8474b-5144-3bb7-bc86-fe39c761ffd1,b9a91cbd-3263-31d9-9cff-55873cf8b2e2,Bart73 Becker968,M,GENERAL PRACTICE,25 Bond Street,Springfield,MA,01104,42.110065,-72.60007,2467,0
d4d8ab68-35b0-3ede-9b42-2d36c9a753ee,b574fc4f-313c-38a4-9baf-7e12e431a499,Georgeanna785 Schulist381,F,GENERAL PRACTICE,511 W GROVE ST,MIDDLEBORO,MA,023461479,41.90036455,-70.9535889372234,451,0
801c91c6-0831-3c03-8e92-bb6cfa810c3f,9dbd44ba-59b2-3d1d-ac91-3880af8081d2,Tori754 Larson43,F,GENERAL PRACTICE,529 MAIN ST STE B,ACTON,MA,017203965,42.4878132338563,-71.43046999422496,520,0
e707c596-20a3-31d7-9274-c443e6c4ce48,2bde75a8-708f-3930-8d57-100ab365d413,Sunny31 Gleason633,F,GENERAL PRACTICE,173 WORCESTER ST,WELLESLEY,MA,024815521,42.2964859,-71.2925571,210,0
e0027820-ea66-3f88-9899-caf3ff67a0e5,35eba9db-902f-32e6-b302-0e5ef8fa5c68,Laverne101 Schumm995,F,GENERAL PRACTICE,66 BROAD ST,WESTFIELD,MA,010852927,42.1165587,-72.74727440058362,6,0
57b6e562-16f5-377f-8d3c-2e938a0951ff,b7866c75-5e56-36b0-b9c5-c63051677b69,Elias404 Skiles927,M,GENERAL PRACTICE,45 RESNIK RD,SANDWICH,MA,02563,41.7579043,-70.4968152,102,0
4d33395b-e2f3-3ed1-9cb2-9aeb0a36309b,9656a864-3b93-356f-9fa6-d7988e249977,Josh874 Feil794,M,GENERAL PRACTICE,950 N MAIN ST STE 203,RANDOLPH,MA,023683064,42.1871612,-71.0568102,415,0
b41730da-99cb-3f7c-aaf4-7dc5d2cd547a,4eddfa13-f996-3048-9bbc-541b0a29038a,Annelle169 Schmidt332,F,GENERAL PRACTICE,736 CAMBRIDGE ST,BRIGHTON,MA,021353601,42.348649949999995,-71.14799584850206,370,0
0aa86a6c-c00b-30a2-949b-9341dd8e775f,845fbd9b-2d1c-39a8-8261-28ae40e4fab2,Sam879 Rippin620,F,GENERAL PRACTICE,14 PROSPECT STREET,UPTON,MA,015681431,42.1700209025178,-71.59409308099494,3877,0
94874020-b86a-3327-8e2c-14157e33a94e,fe7441a8-2020-304d-aeeb-ba83c9ee2e3f,Danny396 Boyer713,M,GENERAL PRACTICE,35 FRUIT ST,WORCESTER,MA,016092198,42.26702925,-71.81077636812154,1,0
0b8bddd7-c99c-31f4-972f-32ada12909b7,946ec45f-5c4a-361f-b158-927144864133,Jorge203 Harvey63,M,GENERAL PRACTICE,19 MIDSTATE DRIVE  SUITE 130,AUBURN,MA,015011856,42.1894693,-71.85604765,46,0
78dbd4cd-da93-3720-b4f9-df487235f51d,bac9dc0c-cb0f-3fa6-aa12-819dd0fb922a,Floy720 Greenfelder433,F,GENERAL PRACTICE,1493 CAMBRIDGE ST,SOMERVILLE,MA,021452935,42.3875968,-71.0994968,2441,0
72be7f61-edbe-353e-861e-1a360cd9ffab,84d5768f-3a21-3da9-aad2-bbf7a3ae2700,Elba502 Schneider199,F,GENERAL PRACTICE,817 MERRIMACK ST,LOWELL,MA,018543548,42.650296999999995,-71.32263756223612,315,0
9b5a91ba-7693-3b05-bf87-8afe5412c3d4,9ce6072b-d039-3cde-8eaf-950211b8ae88,Saul605 Ratke343,M,GENERAL PRACTICE,147 S MAIN ST,MIDDLETON,MA,019492446,42.585787222720036,-71.00861442427218,1061,0
c9759cfa-4418-322a-99af-328e9f605cb2,37e9314c-6d3f-3aae-8f0a-8139f6a3034c,Pattie91 Dooley940,F,GENERAL PRACTICE,130 Marshall Road,Lowell,MA,01852,42.62101,-71.31481,81,0
6c0651dd-212c-3913-b844-7f480fb62c41,af8566eb-8918-3ec7-ba44-92b6a2cf8097,Madelaine318 Walker122,F,GENERAL PRACTICE,81 HIGHLAND AVE,SALEM,MA,019702714,42.5112107,-70.90516241826194,3822,0
f4a1deae-bcf0-37ff-bf8f-1b19caea3f01,d4a03501-69f6-3a89-ac27-ed25976fdb6f,Mercedes82 Escobedo608,F,GENERAL PRACTICE,25 WOODLAND ROAD,STONEHAM,MA,021801705,42.450448800000004,-71.09076944938434,163,0
94f6bceb-ab31-3398-9ee6-a57b0180fb09,d1d4d104-68cb-356b-9086-888de7d2826f,Ellyn26 Windler79,F,GENERAL PRACTICE,61 Lincoln Street  Suite 112,Framingham,MA,01702,42.28348,-71.41845,1374,0
84796495-0e68-3f79-b381-0421fbf41b27,ecd3b321-0a8a-3ce6-81f0-982dd77fce43,Tracie996 Lesch175,F,GENERAL PRACTICE,25 HIGHLAND AVE,NEWBURYPORT,MA,019503867,42.81369325,-70.89091645747592,751,0
bdad3507-2951-3b4c-8422-263e1e0b5f07,eb2596c3-8814-3add-8516-474214bf5c62,Ollie731 Lemke654,M,GENERAL PRACTICE,250 W UNION ST,ASHLAND,MA,017211420,42.24214015,-71.48110671819278,4,0
a5f0db36-8f39-30bd-bdbf-1298ae255956,c762a0ef-bfba-3261-b90c-4059f7bcc87d,Alona471 Cormier289,F,GENERAL PRACTICE,160 MAIN STREET,WALPOLE,MA,020814037,42.168752850000004,-71.23027591232932,4,0
a59eec0b-a26a-396e-9415-487d28800dd8,42c13743-f36f-370a-a5ca-3e3c9795e02d,Wade235 Toy286,M,GENERAL PRACTICE,17 CHIPMAN WAY,KINGSTON,MA,023641039,42.0115267956362,-70.78988939618995,9,0
bf41a696-efd2-3f3c-9f22-830d6c96b938,058176fd-cbb0-328b-8411-c19f5045032d,Breana975 Sanford861,F,GENERAL PRACTICE,840 EMERSON GARDENS ROAD,LEXINGTON,MA,02420,42.43761961817366,-71.19888753880475,114,0
06ff69d9-8d91-3567-b224-0cd2ce32ba07,a036cdf2-bbc5-3ffd-987f-56e437fd8b74,Lashanda692 Gutmann970,F,GENERAL PRACTICE,265 N MAIN ST,SOUTH YARMOUTH,MA,026642083,41.680980000000005,-70.18292625685085,195,0
45b02ff0-e3ec-384f-954b-fdab54b4c551,03d7ee12-bdfe-3e48-9d29-757eb6f01ad0,Jae222 Wisozk929,M,GENERAL PRACTICE,44 SUMMER ST,DANVERS,MA,019231574,42.57663745,-70.94996137026163,7,0
7a000641-38c6-3548-985e-835236c411d5,2fbb592e-2154-3a4d-856e-467d7ba5bed7,Bernardo699 Pagac496,M,GENERAL PRACTICE,780 MAIN ST,GREAT BARRINGTON,MA,012302148,42.17823835,-73.36310566431717,11,0
f266773b-0d46-330d-ab60-c871190a25b6,4f5e8f16-a31b-3071-8556-d7188ede313d,Barrett790 Wolf938,M,GENERAL PRACTICE,575 BEECH ST,HOLYOKE,MA,010402223,42.20105435,-72.628169560868,1659,0
0f501ea3-c8e3-3c4e-a175-1b4d32f55467,69cb2157-b620-3c51-9c94-f516462d2d55,Anh979 Schroeder447,F,GENERAL PRACTICE,11 WATER ST,ARLINGTON,MA,02476,42.41642055,-71.15424293038585,206,0
01a8a9f4-082c-3c2f-b5c1-f8a77116c805,ae3eab22-8868-37bb-9a59-2b8bfe14bf34,Minh326 Smitham825,M,GENERAL PRACTICE,2033 MAIN STREET,ATHOL,MA,01331,42.58522105,-72.20868129339888,1191,0
11a0c83c-6fe3-38c0-b737-80784faa62e4,615416de-5217-3c11-9828-2d4bacd1d9cb,Keli839 Williamson769,F,GENERAL PRACTICE,434 ROUTE 134,HYANNIS,MA,026011854,41.6753274,-70.309939,23,0
9e323aa1-9e18-3092-9f88-d9a37be22691,218e58e4-9642-3ebd-9b39-34d15f22c620,Jung484 Lowe577,F,GENERAL PRACTICE,977 MAIN ST,WALTHAM,MA,024517406,42.376452150000006,-71.25063779999999,285,0
7a1bfb87-f6ae-3e4e-a17e-e363f2d32d1e,9a20d707-68e4-32c0-b2b2-2f5d5c2012cd,Gerard367 Pouros728,M,GENERAL PRACTICE,131 CAMBRIDGE ST STE 1,BURLINGTON,MA,018033711,42.50284395,-71.19574553661971,1008,0
113c94b6-a26c-30f5-86f9-986a747f3455,f90ef475-defe-363d-a926-573b38f804a2,Bea654 Schiller186,F,GENERAL PRACTICE,54 HOPEDALE ST,HOPKINTON,MA,017481672,42.2288875,-71.5196439,142,0
da092ecf-8475-3f9e-b92c-42aafd51d589,071a898d-3535-39fd-bf61-d33301aacd04,Débora815 Ocampo729,F,GENERAL PRACTICE,104 CHARLES ELDRIDGE RD,LAKEVILLE,MA,023471370,41.8459353,-70.9494854,123,0
1716c5a8-8150-3160-9f44-4f678ae87067,41f66e18-8eb7-32f2-9371-7df5bf2b8d21,Noma845 Mraz590,F,GENERAL PRACTICE,170 UNIVERSITY DRIVE,GREENFIELD,MA,013011238,42.6097476,-72.5979752,273,0
75406050-99cb-3f22-ade5-18036264566c,a25107f7-f4f5-36fc-98e4-f3e1b5875c91,Tracy345 Wilderman619,M,GENERAL PRACTICE,1285 BEACON ST,WOBURN,MA,018012157,42.4979478,-71.1684508,438,0
3ea85591-e9a3-3276-9732-4258ed999188,0e6c3ad1-24c1-34cb-bb6d-e8438fa319e2,Eufemia350 Casper496,F,GENERAL PRACTICE,50 DODGE ST,SWAMPSCOTT,MA,019071300,42.4699241,-70.9171507,555,0
2647710f-9976-3802-b3ed-8c16d67570fd,b4ca31a9-9d34-3ea1-93c4-443941622304,Emory494 Nicolas769,M,GENERAL PRACTICE,102 MAIN ST,GREENFIELD,MA,013013224,42.5879173,-72.6055828841603,164,0
c4a82644-2efe-30e9-b9c0-6a25c3116307,3662bcd2-07cc-364c-bd86-161bb738aacf,Arielle168 Dare640,F,GENERAL PRACTICE,1340 CENTRE ST STE 208,NEWTON,MA,024611900,42.3281027,-71.19582114345262,1,0
15640a5a-1f3c-362f-bbfd-25cf12f63714,4f9dd195-07b8-3a81-8b7a-58852a0e6cdf,Aaron697 Goyette777,M,GENERAL PRACTICE,47 E MAIN ST,WEST BROOKFIELD,MA,015852906,42.2355113,-72.1381676,9,0
648f95b5-f317-3e8f-bab3-25f814744d4a,43ee6bb5-8efa-3bfc-8ca8-1579a5267753,Kristopher775 Roob72,M,GENERAL PRACTICE,235 N PEARL ST,BROCKTON,MA,023011794,42.09805395,-71.0609587194362,773,0
efcdda21-361e-327d-8915-65b025527dc0,3695125c-c052-3ece-898a-2a6448987ae5,Sean831 DuBuque211,M,GENERAL PRACTICE,2040 BOSTON RD STE 5,WILBRAHAM,MA,010951380,42.150295650000004,-72.47288272264812,240,0
0a1b1617-d235-3d69-ab13-83fc82ae1755,ed43f171-1ac1-3f08-aef5-0f62c515cf4d,Shelli447 Schowalter414,F,GENERAL PRACTICE,184 TER HEUN DR,FALMOUTH,MA,025403160,41.56534135,-70.62534898297048,5,0
246bd58d-5358-33b3-b428-9f9c1ccef4d6,45db4ed7-a93e-3946-9c31-b567ca373de6,Bell723 Toy286,F,GENERAL PRACTICE,7 Drydock Ave  Suite 2070,Boston,MA,02210,42.34461,-71.03728,607,0
8b05b930-4248-3a1f-b0c5-7fc092982a3f,63b93742-6c13-3309-92b6-f7c858e9f320,Marietta439 Schmeler639,F,GENERAL PRACTICE,77B WARREN ST,BRIGHTON,MA,021353601,42.348002699999995,-71.14205064012461,108,0
c0d1043e-69b3-393a-8c07-7071c3d72723,bdd9ad72-443a-3563-a626-4c45f6d058b2,Zachary28 Bogan287,M,GENERAL PRACTICE,147 PELHAM STREET,WORCESTER,MA,016072105,42.265209,-71.814005,57,0
76782add-464a-3c30-9165-e2b68cc4c613,05fcf001-ab24-3d7d-85f7-f64942d82738,Leonarda398 Schumm995,F,GENERAL PRACTICE,250 POND STREET,FRAMINGHAM,MA,017014592,42.2838619,-71.4093719,3685,0
8eb1d48d-9aa0-30fe-8761-12060816102d,8789c07e-d15d-378d-ba2b-d2b49ebb6db4,Monty345 Bosco882,M,GENERAL PRACTICE,800 WASHINGTON ST,WOBURN,MA,018011976,42.4946907,-71.1242899,67,0
56600a90-6035-38f7-b20f-ea6bc3ad6a4b,7e6db51f-7c1b-3555-9e1c-6269ba6d704d,Jacque955 Streich926,F,GENERAL PRACTICE,120 STAFFORD STREET SUITE 206,WORCESTER,MA,016031461,42.239638,-71.8443785891577,64,0
15a95262-021e-3b66-b1dd-f45f00e43e63,ae382dff-4faf-34af-b91f-8ae2d34b6733,Truman805 Schaden604,M,GENERAL PRACTICE,200 HAWTHORN ST,NEW BEDFORD,MA,027402201,41.6284153,-70.93937104729301,1,0
d6acf6db-d594-33fa-bfdc-0d63284c35c7,83769f98-fff3-3535-8781-6ace5957136f,Emilia403 Breitenberg711,F,GENERAL PRACTICE,115 NORTH AVENUE,ROCKLAND,MA,023702129,42.13496385,-70.92237824494691,76,0
f4b95f9e-49b4-3a0b-9fa1-eb935e058ff8,e87cda4c-1ad8-3a9e-b55f-7bfe987610ce,Josephina269 Bechtelar572,F,GENERAL PRACTICE,326 NICHOLS RD,FITCHBURG,MA,014201914,42.5974358,-71.80761197366103,209,0
f04dd382-7db0-317f-8716-70edde6ef837,b529b631-551f-3344-82e4-c58c8b3b1716,Kirk871 Hills818,M,GENERAL PRACTICE,135 ELLIS AVE,NORWOOD,MA,020623946,42.2071374,-71.1867275198222,1,0
9a13bf42-ab79-3388-9302-ef0a8a0f2982,e7b77e8f-b607-3273-aef9-ad1bca48813f,Ivonne773 Turcotte120,F,GENERAL PRACTICE,209 W CENTRAL ST STE 216,NATICK,MA,017603716,42.28202598359604,-71.3899479380402,330,0
67b192f6-5ebb-305d-8e22-b64afaae6961,1b26464f-ebe5-3045-b976-40f9979418c6,Ulysses632 Tillman293,M,GENERAL PRACTICE,243 KING ST,NORTHAMPTON,MA,010602367,42.331161,-72.634183,4,0
5864de02-23e2-3e0f-9860-2b914fde033b,7e3760fd-328f-3082-8c56-68d6b96f6521,Duane703 Jones311,M,GENERAL PRACTICE,305 WALPOLE ST,NORWOOD,MA,020623021,42.18411025,-71.21619509340385,2,0
61a9fdba-edb5-3140-93cf-aeb52612885f,62ccfb55-1f60-3450-a607-706bedc9ef4e,Gerda633 Greenholt190,F,GENERAL PRACTICE,120 MURRAY STREET,MEDFORD,MA,021551300,42.42974035,-71.08853906104483,6,0
3ca56c81-d9d2-3c3e-8280-73c8e56776c9,0e3a24c3-b772-3059-b3fd-8a4710068a82,Malka46 Gerhold939,F,GENERAL PRACTICE,416 BROADWAY,RAYNHAM,MA,027671737,41.940680799999996,-71.07864352196617,351,0
87ca0d8c-601e-3b31-b9e3-09b0d4ab37b0,28d71598-85eb-3a0e-90c1-22e0be1af57c,Jodie811 Hermann103,F,GENERAL PRACTICE,38 MULBERRY ST STE 204,NORTHAMPTON,MA,010602832,42.35436315,-72.70256804599192,273,0
29b375a1-4597-3a90-a1f3-9b7d1a7d998b,f68ebf98-ba5b-35af-b2bd-da56cc5b13be,Jen355 Hintz995,F,GENERAL PRACTICE,270 LITTLETON RD STE 22,WESTFORD,MA,018863524,42.5569148,-71.4366336131239,9,0
4e1ce282-bdf3-338b-9315-9acd5b205e95,7d43f2a3-b6a3-3613-bae4-3b8b869e79e3,Dominic463 Rogahn59,M,GENERAL PRACTICE,1485 DORCHESTER AVE STE 205,BOSTON,MA,021221301,42.3554334,-71.060511,16,0
14890509-26fd-34d7-b1f9-c0a2837504a3,b8d40f5c-9e4d-3639-89ef-8bf375cb3184,Joshua658 Howe413,M,GENERAL PRACTICE,190 OLD DERBY STREET,HINGHAM,MA,020434065,42.1807101,-70.9170852970031,2,0
dbccc42d-adb5-3694-adae-b960cae3b052,a537b406-fdfa-36b4-84da-12512e7e6c63,Margrett284 Davis923,F,GENERAL PRACTICE,795 MIDDLE ST,STOUGHTON,MA,020721829,42.1252079,-71.1022015,563,0
b39079d5-1212-3ff0-93a3-91c1d38c0b47,e96bc963-a050-3502-955f-7fd274ea5fde,Juan88 Hessel84,F,GENERAL PRACTICE,459 BROADWAY,EVERETT,MA,021493614,42.4075632,-71.05472988596371,33,0
5122cd68-8a73-3f0d-8c48-6b562778478a,d24e558b-6659-3c62-bfa7-938aa245c8a8,Francisco472 Crooks415,M,GENERAL PRACTICE,4 COURTHOUSE LANE SUITE 1-3,CHELMSFORD,MA,018241737,42.62439345,-71.35881000636567,150,0
5a89e661-c353-3609-b635-2b3e1533b099,7d627533-adbd-320a-9054-db91a2811597,Rachell479 Schroeder447,F,GENERAL PRACTICE,480 JACKSON ST,METHUEN,MA,018444020,42.7327291,-71.16807304424162,5,0
42d1408e-9739-3ea7-bfaa-7f0012ae9b6f,f5c6acf1-d209-3ba2-9fec-f70dda7001f0,Enrique929 Lehner980,M,GENERAL PRACTICE,320 MAPLE AVE,GREAT BARRINGTON,MA,012301951,42.18317635,-73.37707900285446,1,0
8ed99033-457a-3f61-83e6-c5ac6e206a02,40d5ac54-6e92-353d-8bce-63afb7e8fb0b,Murray856 Jacobs452,M,GENERAL PRACTICE,1325 SPRINGFIELD STREET STE 12,PITTSFIELD,MA,012016187,42.451302,-73.260018,12,0
6fd556d4-9527-36ba-a524-722f4a544112,e5d50afe-8c7d-35f5-96f5-fb8941403b0f,Justin359 Hayes766,M,GENERAL PRACTICE,125 S CLARK ST STE 900,FALL RIVER,MA,02722,41.74223,-71.129706,458,0
1b69f0d1-9a14-3d3a-bb40-503a86ceaf84,9adfae03-673d-365d-9052-f705098fa3e4,Daniel959 Wolff180,M,GENERAL PRACTICE,51 BLOSSOM ST,BOSTON,MA,021142699,42.36305545,-71.06643399281765,3481,0
7e92ae39-a85a-3260-bc1b-c37c315458e0,46912be1-43b9-3c0c-9fbd-3d123f2eacc6,Andrea7 Guillen740,F,GENERAL PRACTICE,821 DANIEL SHAYS HWY,ATHOL,MA,013316903,42.572540548950265,-72.2674105528448,6,0
3d284cbd-d4ed-34b2-a21a-d4073fba31f8,48a07866-e8d7-3268-aa3c-ca3237c8e6f3,Moshe758 Stamm704,M,GENERAL PRACTICE,188 PROVIDENCE ST,HYDE PARK,MA,021361861,42.2682551,-71.12174592925336,418,0
b2e1d10f-9981-3261-ba63-2a86fe2b6983,9f85a8c8-007c-3490-a7b7-4a0324c13307,Delena885 Robel940,F,GENERAL PRACTICE,70 FULTON ST,BOSTON,MA,021091402,42.362439499999994,-71.05377386223965,108,0
d67c2341-1321-3efa-9eeb-10876dc35e44,25431f9a-00e4-36d8-9810-4125328eec50,Kati243 Ruecker817,F,GENERAL PRACTICE,55 FRUIT ST,WALTHAM,MA,02451,42.3756401,-71.2358004,2081,0
a4c11839-b750-33dd-8e07-857000518b42,a130ed39-d3a2-3b2a-91fe-0c14f5e26eb2,Chery887 Nicolas769,F,GENERAL PRACTICE,EAST CREEK ROAD,NANTUCKET,MA,025544015,41.273999,-70.091114,25,0
c55d7d78-8cee-38ac-9161-df032cd2536e,89171335-b9c0-3326-98d6-a837d432b9fd,Louis204 Hauck852,M,GENERAL PRACTICE,150 FLANDERS ROAD,LYNN,MA,019042915,42.466763,-70.9494939,3711,0
1e617ac9-7f4c-3e22-9e09-6c3f2e752813,5d2ca149-126a-3dd3-a029-35b55c89988b,Oren284 Hamill307,M,GENERAL PRACTICE,87 BRIARWOOD CIR,WORCESTER,MA,016061225,42.32061485,-71.7709968832562,2,0
36381292-ff8c-3c68-af91-d10c2184d96b,7cd7fc5c-3fa7-3b6e-b3c9-0dbaec2a3470,Frederica279 Roberts511,F,GENERAL PRACTICE,505 FRONT STREET,CHICOPEE,MA,010133140,42.14871685,-72.59756969862315,139,0
bbd6331e-b4b0-3de1-b813-59efee5a640f,15d0e449-642a-3d9e-8629-16c7e4a9e4b4,Britt177 Schmitt836,M,GENERAL PRACTICE,71 CENTER ST,FAIRHAVEN,MA,027193822,41.635798300000005,-70.90010980146215,2,0
4e5f71f5-ff24-3596-b463-0bc8561e5c42,c1a85a41-6758-3edc-95ec-238b8ac72a40,Wilhemina814 Lesch175,F,GENERAL PRACTICE,65 CENTRAL ST,GEORGETOWN,MA,018332112,42.7211656,-70.99324119227308,238,0
ea50f2e6-2059-3c9b-be08-bd55f5a0a814,01bde980-bf89-3138-8912-7360dff33247,Caroline183 Lang846,F,GENERAL PRACTICE,456 PARK AVE,WORCESTER,MA,016101254,42.25512735,-71.82580924803523,134,0
c4ef223e-fed5-3111-b5b1-f30d7fb264b8,979d5316-97f4-335d-af9d-d0afba85dc6a,Jolyn4 Borer986,F,GENERAL PRACTICE,57 PROSPECT ST,NANTUCKET,MA,025542799,41.27514065,-70.10108985970798,182,0
77507677-c539-3864-b59f-98da0cb8e8b0,1484fc69-2eb0-3bba-8656-d5ead4973895,Kareem959 Schaefer657,M,GENERAL PRACTICE,260 MERRIMAC ST,NEWBURYPORT,MA,019502192,42.817380099999994,-70.88125573659471,140,0
7bb7169d-4948-36e9-adbe-d388b012313d,217cb6f6-e822-3831-9d9d-ffa104971042,Eva64 Adame662,F,GENERAL PRACTICE,2 REHABILITATION WAY,WOBURN,MA,018016003,42.46352265,-71.161925472006,2620,0
e9abdd3e-5c70-3b77-84e1-8eccfc4df322,8a6e21d0-da20-3378-8176-4e5ad2b51983,Wes853 Torphy630,M,GENERAL PRACTICE,84 ELM STREET,HOLLISTON,MA,017462138,42.20234485,-71.42493275079366,58,0
a62ef2a8-f1a0-3b06-a0e8-7edf8984831f,74ef654c-1f2a-3495-b4cc-b0be86f575d7,Iesha760 Howe413,F,GENERAL PRACTICE,96 INDUSTRY AVE,SPRINGFIELD,MA,011092050,42.1414356,-72.54430975029427,14,0
2749e4dd-6972-3c9e-8f37-bcb0afddb044,4e56c7ec-99e5-3023-8e4f-95ad18a03f06,Duane703 Bosco882,M,GENERAL PRACTICE,28 RIVERSIDE DR STE 101,PEMBROKE,MA,023594947,42.11004715,-70.77534154695786,575,0
dea0c42b-1951-3d23-92e2-8f52600c1be5,acfde9fd-b6ef-36d0-86dd-ab77398d289b,Jess275 Osinski784,M,GENERAL PRACTICE,80 NEWBRIDGE WAY,DEDHAM,MA,020267028,42.265152,-71.20332234041666,2,0
65437776-9bd9-3e1a-af32-4e387cfd02c4,e2a8b444-9b8f-36ff-84c4-05ee98589482,Elmer371 Gusikowski974,M,GENERAL PRACTICE,8 SHIPWAY PL # C-8,CHARLESTOWN,MA,021294301,42.3778749,-71.0619957,1888,0
6ad6f602-0fc5-3200-aaf6-c2cc5a3b20ce,65dac97b-bb0c-38ae-94bc-bf29ac9687ea,Cindi877 Rowe323,F,GENERAL PRACTICE,265 MAIN STREET,DALTON,MA,012261614,42.472932099999994,-73.17745071097283,149,0
7f309e4f-b20b-35bf-9bd3-616621501005,71f4c23f-7559-31ff-8f42-a672e80b85a2,Clayton230 Jast432,M,GENERAL PRACTICE,300 FIRST AVENUE,WESTBOROUGH,MA,015812831,42.2694308,-71.6129907,617,0
a8f72387-b95f-3d35-a921-e5d9caf66f61,9f061925-3642-3352-815e-8c3b2fcfbfaa,Zola306 Goldner995,F,GENERAL PRACTICE,1 DEL POND DR,CANTON,MA,020212759,42.172339,-71.112632,2,0
3448b351-80c0-3775-af5d-167ab51fc3ba,05f80ed8-6a7a-3728-8b5c-c5c995c8244a,Vernita491 Cartwright189,F,GENERAL PRACTICE,150 South Huntington Avenue,Jamaica Plain,MA,02130,42.32809,-71.11076,1025,0
ec31cda9-b277-3e95-9d8e-2b8414853856,e0cc7e8e-e1a4-3a02-b589-0a35741d39fe,Alla648 Towne435,F,GENERAL PRACTICE,990 PARADISE RD,SWAMPSCOTT,MA,019071831,42.48374535000001,-70.90120467000462,197,0
893c408c-f25f-3109-9d4c-b74ba82d7d62,3517aff1-b163-3cd5-8fff-19710fcdc1b7,Ladawn167 Cremin516,F,GENERAL PRACTICE,400 HEMENWAY STREET,MARLBOROUGH,MA,017526762,42.36006255767826,-71.5077613040944,21,0
fbd14f58-82cc-335c-95d8-6ea89f1d03d5,18d2c9c2-4b92-3664-9b8e-419aff3ce942,Raymon366 Block661,M,GENERAL PRACTICE,175 GROVE STREET,BRAINTREE,MA,021847253,42.19127375,-70.99279579751581,145,0
a7d2aed2-c49c-31bf-a1be-c9e7b3eaa268,121b0ad1-1beb-3caa-9271-3d3f726bb727,Cortez851 Price929,M,GENERAL PRACTICE,1030 MAIN STREET,WALTHAM,MA,024517447,42.375828,-71.2527956,832,0
88aedfed-6d86-3b88-b5f7-c0722d255fff,43f37d29-0bcb-3d84-b9c0-9ee4f2485ff2,Boris111 Romaguera67,M,GENERAL PRACTICE,168 WALTON RD UNIT 19,ROWLEY,MA,019692014,42.7136977,-70.8818364,134,0
b8614bab-f24b-3ad3-a0e9-0f351f5f2efa,db60692f-cbef-315b-9fce-38a7f015c482,Kathi607 Hilpert278,F,GENERAL PRACTICE,72 SHARPE STREET,SCITUATE,MA,020664534,42.1939754,-70.7697128,153,0
16247fb0-16eb-37e8-a31f-c525576ef784,883f57b8-89c6-3dc4-b6da-047705c88623,Parker433 Bailey598,M,GENERAL PRACTICE,363 HIGHLAND AVE,FALL RIVER,MA,027203703,41.7093779,-71.1460783680883,366,0
18c54188-dccf-383d-9a4a-7a59dc46280f,9ba25035-53e5-344b-9b9e-94331a58d1d4,Lucilla742 Schultz619,F,GENERAL PRACTICE,420 MAIN ST,WALPOLE,MA,020812553,42.161882199999994,-71.2388707178431,149,0
a1c1e03d-c3fe-38a4-9520-19b4e205d0aa,0a2252ba-33de-322f-8f0a-e5b0141f1780,Juan Carlos348 Barraza113,M,GENERAL PRACTICE,632 BLUE  HILL AVENUE,DORCHESTER,MA,021213213,42.2941088,-71.0885355,141,0
f92c3983-d144-3220-b1f5-e65758dd64b7,f3a64526-e8aa-36bb-ac9a-4a6b9fd7d0f6,Greg949 Corkery305,M,GENERAL PRACTICE,385 GROVE ST,WORCESTER,MA,016062726,42.286333299999995,-71.80745147942015,110,0
97a6de28-8e6a-39dc-aa8e-71f7235fe71c,4f029aea-a3f7-3429-a477-45cfe183c3f9,Curtis94 Lesch175,M,GENERAL PRACTICE,1675 NORTH MAIN STREET,LANCASTER,MA,015232405,42.4761132,-71.6873032,28,0
93ec4f81-b51f-3fa6-96bd-7e343732ed90,f6ba791e-fe68-3596-bef4-60751db6a60e,Freeda113 Crooks415,F,GENERAL PRACTICE,37 BIRCH STREET,MILFORD,MA,017575501,42.1424349,-71.48943173357203,166,0
65980220-0a61-3094-8385-e5bf35390c2f,2fc3d86d-4194-3ad1-bb8a-99d5d34119a1,Trent525 Krajcik437,M,GENERAL PRACTICE,300 CONGRESS ST STE 203,QUINCY,MA,021690907,42.2345525,-71.01493330273374,215,0
b9039240-8cba-3055-a277-9d63d79eb3d6,e1892a2c-6dca-3c4c-93b7-0e00a9eb8b61,Derek111 Erdman779,M,GENERAL PRACTICE,20 EAST ST,HANOVER,MA,023391638,42.1278249,-70.82664947485381,606,0
3665277c-9eac-3ebd-a314-1e730d61652d,67cade01-dcfe-37b7-8e2c-b712d9e6fbba,Lelah386 Wintheiser220,F,GENERAL PRACTICE,694 MAIN ST,HOLDEN,MA,015201862,42.3406819,-71.8390289,739,0
8cfc4d58-5c14-376b-818f-54a3df41282c,11a40a26-a5a3-331d-aef0-d06dd90e2b4e,Len277 Wintheiser220,M,GENERAL PRACTICE,10 OSTERVILLE WEST BARNSTABLE RD,YARMOUTH PORT,MA,026752000,41.7020544,-70.249465,906,0
53619883-25f4-37ae-b7cc-6f4e52b6f754,b954c464-11ea-312b-a3f8-1350775bfa54,Hortensia953 Walker122,F,GENERAL PRACTICE,123 CAPTAIN'S ROW,CHELSEA,MA,021504019,42.3917638,-71.0328284,52,0
68429156-b8fe-3d4d-8a80-9431fa940878,9f368e75-397f-3d77-a317-9a005512a4e2,Alta896 Pfannerstill264,F,GENERAL PRACTICE,381 PARK AVE,WORCESTER,MA,016101026,42.2583962,-71.82204240042036,160,0
699efe6f-9a81-3be0-ac64-f71cfb6623e3,0dfa7ab2-4acc-360c-ab55-beb8e38a8c1d,Maria750 Osinski784,F,GENERAL PRACTICE,36 CORTADGE PARK,PLYMOUTH,MA,023607320,41.9426657,-70.7618592,130,0
ee6b5d0a-ef7c-357c-adfa-5035c7f4f163,4d3ec6c2-f6aa-3d7b-adcc-e7107dac8530,Elsa29 Schultz619,F,GENERAL PRACTICE,14 MASONIC CIRCLE,AUBURN,MA,015011341,42.181923125,-71.86839612499999,95,0
7847cf91-cbe9-3f14-ba51-df5cb3ca172a,7cb70963-6f86-3eab-a12b-88deb31de793,Kraig824 Ledner144,M,GENERAL PRACTICE,18 DANA HILL ROAD,STERLING,MA,015642414,42.4106904,-71.7976286731579,43,0
49a5172b-f724-384f-bbd7-7727ea227bd1,95f6c328-96dd-3fb8-a56e-9aad566094b4,Burton124 Schoen8,M,GENERAL PRACTICE,4 STONY HILL ROAD,WILBRAHAM,MA,010951027,42.1552861,-72.48384800788648,281,0
5468d59e-054b-3e1d-9510-0b59cb7d9dac,485ae27b-c5ba-3fd0-9a16-c9eea20be185,Alejandro916 Kris249,M,GENERAL PRACTICE,275 MARTINE STREET  SUITE 202,FALL RIVER,MA,027231518,41.68393816525316,-71.1220830626733,43,0
48ffab44-7541-3df7-b0c5-a4f86ebbe772,19f958ef-57cf-33c1-b068-14b32a980813,Aura483 Bruen238,F,GENERAL PRACTICE,155 BROADWAY RD,DRACUT,MA,018262754,42.67578279999999,-71.29320171860073,394,0
80ad96d4-553c-3c88-933c-40ea165b09cc,f0214766-e2d0-3793-b2b6-4e1ea5df2a87,Henriette328 Klein929,F,GENERAL PRACTICE,298 JARVIS AVE,HOLYOKE,MA,010401288,42.2087949,-72.6430892731527,1,0
5847abd2-524b-3907-ab1b-77fc3a7813cb,da2e8443-a0d6-3e87-b651-e2697615f4b5,Luis923 Bergstrom287,M,GENERAL PRACTICE,2000 WASHINGTON ST,NEWTON,MA,024621624,42.332192250000006,-71.24597794166553,70,0
3a549b3e-f9a5-3a86-a416-1b9c4e8cd046,47602b5b-f4aa-3c73-aa26-2268ccf7a83c,Christopher407 Fisher429,M,GENERAL PRACTICE,90 LINDALL STREET,DANVERS,MA,019232125,42.574712149999996,-70.94359556912616,84,0
f03ae6d0-2654-3ac6-b928-e9d6c0ee8cdb,035b7574-2fec-3922-8b57-2388164422e6,Shella455 Reichel38,F,GENERAL PRACTICE,874 PURCHASE ST,NEW BEDFORD,MA,027406232,41.636177,-70.926054,28,0
3223c0e4-3ea3-3e40-b1dd-4eed61357d56,941fb26d-4d24-30af-9c1b-fe0aa8e70cfa,Ignacio928 Veum823,M,GENERAL PRACTICE,1 GENERAL ST,LAWRENCE,MA,018412884,42.7097143,-71.15007700778098,55,0
71ed73d5-ca41-3227-b7d3-57656444f343,1676f96e-65fc-350d-918b-453697bf07ff,Karisa693 D'Amore443,F,GENERAL PRACTICE,120 LONGWATER DRIVE,NORWELL,MA,020611653,42.15682485,-70.8792143504961,1,0
77c72898-b535-389f-aed4-cd4d7da573ae,6d16a8e3-3569-38ab-afac-a2f8c1125085,Miguelina323 Crona259,F,GENERAL PRACTICE,1010 WALTHAM STREET,LEXINGTON,MA,024218052,42.4139392,-71.22929265883278,101,0
96b7377b-4e0e-36c7-a855-b6bf3bc747d3,486bf543-9696-3d51-aa70-28a3044ce490,Ping698 Weissnat378,F,GENERAL PRACTICE,777 NORTH STREET,PITTSFIELD,MA,012014147,42.46054825,-73.24880457390918,329,0
869788d3-a76c-361c-b425-27acc6701607,91808f17-7583-32a3-aa55-23b131b327c7,Jospeh459 Wunsch504,M,GENERAL PRACTICE,200 CORDWAINER DR,NORWELL,MA,020611671,42.16352995,-70.8846291501739,706,0
c10428ae-59c5-3205-bdf4-92c3584571e7,587f07bd-7d69-3291-9aea-abef74f30045,Pearl430 Davis923,F,GENERAL PRACTICE,228 ALMONT ST,MATTAPAN,MA,021261487,42.2805395,-71.09839825,11,0
e86d16fa-429e-3acf-9aec-ae60ea7a2e35,76baa51d-0d0f-359d-a07b-7b999a43d42e,Dong972 Gibson10,F,GENERAL PRACTICE,101 STATION DR STE 240,WESTWOOD,MA,020902336,42.20728361922244,-71.15698168263435,254,0
1d11fff0-e622-3ab0-b4bc-0166a0c69415,02d7b144-352f-3eac-97db-6fc4a95bf1fa,Dante562 Reinger292,M,GENERAL PRACTICE,120 SEMINARY AVENUE,AUBURNDALE,MA,024662650,42.34002614299451,-71.24911543639162,46,0
e51a4011-fc52-310d-a3b0-4f61d874129d,4d780f61-40cc-3bcb-822b-cb51d398966f,Asley870 Stiedemann542,F,GENERAL PRACTICE,5 GAMELIN ST,HOLYOKE,MA,010404080,42.1642525,-72.63755321877633,3,0
40b30665-a978-36e9-9716-2351ad97f2d9,53f086de-2fc7-3d35-92c2-aca4ed944e7f,Chang901 Kutch271,M,GENERAL PRACTICE,1 GENERAL ST,LAWRENCE,MA,018412961,42.7097143,-71.15007700778098,3704,0
14e3e9b1-7dad-3a76-9fd5-b9933880a69c,44fc48e3-3fcf-3cea-b879-18d33cd93486,Malcolm243 Strosin214,M,GENERAL PRACTICE,146 DEAN ST,TAUNTON,MA,027802716,41.90428012423625,-71.0752596159568,3,0
cf735028-9bf0-32e4-b88b-9273b4d1ed5f,20f63278-6709-3195-b767-782d2a10bd5c,Jamie386 Krajcik437,M,GENERAL PRACTICE,640 CONCORD AVENUE,CAMBRIDGE,MA,021381116,42.389222000000004,-71.14799280677965,151,0
60bffa88-8356-3a9b-aba9-79ca5565ca57,e498871e-3c3d-3ea1-a79d-4bc09679de84,Chung121 Collins926,M,GENERAL PRACTICE,221 FITZGERALD DRIVE,NEW BEDFORD,MA,027453426,41.6995448,-70.92972651619661,2,0
b22a39bd-dfe4-3380-800f-232a7e051415,b636c344-0fda-3eea-96cf-1190f8d1d8fc,Tobias236 Ondricka197,M,GENERAL PRACTICE,780 MAIN STREET,GREAT BARRINGTON,MA,012302148,42.17823835,-73.36310566431717,70,0
221b6b65-e502-3f2d-bba5-29d846201d98,c709c5eb-ddd7-3778-84f7-0931a4d1c718,Carmelina668 Goyette777,F,GENERAL PRACTICE,1200 CENTRE ST,ROSLINDALE,MA,021311000,42.29768,-71.130463,398,0
9843c607-bf8c-3fc7-9131-73fa2ba2ecc0,8d81bd8c-ad6c-37f7-95c9-75fd3de24e86,Hunter736 Marquardt819,M,GENERAL PRACTICE,118 MAIN ST,STURBRIDGE,MA,015661533,42.0905134,-72.06606362965572,211,0
29ac3bd7-b6d0-3f32-a6f1-3a4ec349ebf2,c05d73d0-b348-32ce-9fe5-13a720950f37,Abraham100 McDermott739,M,GENERAL PRACTICE,45 DRUM HILL RD,CHELMSFORD,MA,018241503,42.6255635,-71.3615131,399,0
fb35896a-401b-3856-9b03-fca8d8bd4750,ac0fde88-b0ad-3388-a4a8-b8fc2a4f4af2,Lloyd546 Wuckert783,M,GENERAL PRACTICE,150 YORK STREET,STOUGHTON,MA,020729105,42.144646800000004,-71.09875876961266,2143,0
fd0af79f-50be-3308-8104-fda84534a933,0e061004-bcc0-3e99-a237-d700823e817b,Kizzie166 Lehner980,F,GENERAL PRACTICE,570 BALDWINVILLE RD,BALDWINVILLE,MA,014361351,42.5953045,-72.07447782689232,288,0
0c129927-28c6-3bd8-9783-e3473b62f599,d51d98bc-ef4c-363b-8450-c01537258b11,Gus973 Koch169,M,GENERAL PRACTICE,1007 EAST ST,DEDHAM,MA,020266363,42.22837415,-71.16281500487283,3,0
21375ba3-aeb6-3f9c-be21-1e0ad22b429f,d70d47dc-b40c-3a04-8342-35cbfe716409,Lakenya863 Hilpert278,F,GENERAL PRACTICE,83 LITTLEFIELD RD,NEWTON,MA,024593010,42.3104327,-71.18883283411856,358,0
940a1d0b-39b6-3c67-b776-9edd0dfbd6cb,de3cc142-803a-3ed4-8945-75ec88a84784,Brittni468 Trantow673,F,GENERAL PRACTICE,51 HOSPITAL ROAD,BALDWINVILLE,MA,014361215,42.6108483,-72.0608364,58,0
7d9dfd9b-025c-3d0e-9b97-b558601d2b2b,047f6113-bd42-353b-8368-cf2352868915,Kamilah729 Schimmel440,F,GENERAL PRACTICE,62 WALNUT ST FL 2ND,WELLESLEY,MA,024812109,42.2964859,-71.2925571,59,0
0ee7f401-54ab-384e-8097-9e165827a58a,0592d4e5-a0fb-3143-83cd-8e5a6b066a96,Mica978 Lemke654,F,GENERAL PRACTICE,20 EAST ST,HANOVER,MA,023391638,42.1278249,-70.82664947485381,1244,0
9df4e255-3fe8-3755-a311-647b8ff58201,c67ca7ed-4769-3b6c-a0a9-993f1227ff10,Allen322 Veum823,M,GENERAL PRACTICE,1 BLACKBURN DR,GLOUCESTER,MA,019302237,42.6269312,-70.65555242413386,778,0
a3e3e246-95aa-3b92-8914-b7177b135a31,6b9c5830-a278-38ff-887f-ccefd74cf8e8,Fawn386 Hettinger594,F,GENERAL PRACTICE,184 LINCOLN STREET,NORTH EASTON,MA,023561799,42.06665855,-71.11947646404934,286,0
77f639fd-309f-3aa9-9571-2151331bde44,612fb151-095d-3d11-942b-5907216f4dbb,Colin861 Crona259,M,GENERAL PRACTICE,34 HAVERHILL ST,LAWRENCE,MA,018412884,42.71186535,-71.15197382279813,135,0
e381a91e-eed0-33b1-869f-d56065912bf4,7b5bf0fc-c5c0-3f22-980b-fdfff326a9b4,Conchita9 Castañeda925,F,GENERAL PRACTICE,40 CUMBERLAND AVE,NORTH ATTLEBORO,MA,027604445,41.9316677,-71.35407469790115,94,0
00b2956a-28d3-3f7e-980d-a730e36af61a,ba07b31b-bf14-39b8-be95-4c5ca5062daa,Hermelinda327 Hyatt152,F,GENERAL PRACTICE,1575 CAMBRIDGE ST,CAMBRIDGE,MA,021384308,42.375209549999994,-71.10711344152975,1403,0
b27cbf26-0697-3052-80df-56ffdf4a780e,064ba8c8-f6f7-3582-8f41-c963ceedfee4,Lexie163 Ankunding277,F,GENERAL PRACTICE,500 BELMONT STREET,BROCKTON,MA,023014985,42.07465845,-71.03975419622803,7,0
128c9a86-8d55-32f7-8280-37e374cb71f3,6aae7a31-90df-3455-ad8d-81f8cf2d21e8,Damaris45 Funk324,F,GENERAL PRACTICE,680 CENTRE ST,BROCKTON,MA,023023308,42.0872752,-70.9910738855076,2773,0
35f63429-c165-3e9b-84ec-222703993c84,14036728-b721-3e4b-8755-8ee8ab6ed15e,Melodie819 Schmeler639,F,GENERAL PRACTICE,625 MOUNT AUBURN ST,CAMBRIDGE,MA,021384518,42.375351,-71.1468628,492,0
677e744a-eed4-312e-bcf1-307a6892ec2d,104079d4-560e-3eb8-9a48-d495835a3997,Nevada145 Schmeler639,F,GENERAL PRACTICE,68 CAMP ST,MASHPEE,MA,026493465,41.6484421,-70.4811383,374,0
